                                   MODFLOW 6
                U.S. GEOLOGICAL SURVEY MODULAR HYDROLOGIC MODEL
                          GROUNDWATER FLOW MODEL (GWF)
                   VERSION 6.3.0 release candidate 02/06/2022
                               ***DEVELOP MODE***

   MODFLOW 6 compiled Feb 06 2022 02:35:51 with Intel(R) Fortran Intel(R) 64
   Compiler Classic for applications running on Intel(R) 64, Version 2021.5.0
                             Build 20211109_000000

This software is preliminary or provisional and is subject to 
revision. It is being provided to meet the need for timely best 
science. The software has not received final approval by the U.S. 
Geological Survey (USGS). No warranty, expressed or implied, is made 
by the USGS or the U.S. Government as to the functionality of the 
software and related material nor shall the fact of release 
constitute any such warranty. The software is provided on the 
condition that neither the USGS nor the U.S. Government shall be held 
liable for any damages resulting from the authorized or unauthorized 
use of the software.


As a work of the United States Government, this USGS product is 
in the public domain within the United States. You can copy, 
modify, distribute, and perform the work, even for commercial 
purposes, all without asking permission. Additionally, USGS 
waives copyright and related rights in the work worldwide 
through CC0 1.0 Universal Public Domain Dedication 
(https://creativecommons.org/publicdomain/zero/1.0/).

The following GNU Lesser General Public License (LGPL) libraries
are used in this USGS product:

    SPARSKIT version 2.0
      ilut, luson, and qsplit 
      (https://www-users.cse.umn.edu/~saad/software/SPARSKIT/)

    RCM - Reverse Cuthill McKee Ordering
      (https://people.math.sc.edu/Burkardt/f_src/rcm/rcm.html)

    BLAS - Basic Linear Algebra Subprograms Level 1
      (https://people.math.sc.edu/Burkardt/f_src/blas1_d/blas1_d.html)

    SPARSEKIT - Sparse Matrix Utility Package
      amux, dperm, dvperm, rperm, and cperm
      (https://people.sc.fsu.edu/~jburkardt/f77_src/sparsekit/sparsekit.html)

The following BSD-3 License libraries are used in this USGS product:

    Modern Fortran DAG Library
      Copyright (c) 2018, Jacob Williams
      All rights reserved.
      (https://github.com/jacobwilliams/daglib)

MODFLOW 6 compiler options: /O2 /heap-arrays:0 /fpe:0 /traceback /nologo /fpp
/c /module:.\mod_temp\ /object:.\obj_temp\

System command used to initiate simulation:
C:\Users\mouss\modeling\training\univ_bobo_2026\bin\mf6.exe

MODFLOW was compiled using uniform precision.

Real Variables
  KIND: 8
  TINY (smallest non-zero value):    2.225074-308
  HUGE (largest value):    1.797693+308
  PRECISION: 15
  BIT SIZE: 64

Integer Variables
  KIND: 4
  HUGE (largest value): 2147483647
  BIT SIZE: 32

Long Integer Variables
  KIND: 8
  HUGE (largest value): 9223372036854775807
  BIT SIZE: 64

Logical Variables
  KIND: 4
  BIT SIZE: 32
 

 OPENED tr_redrch.dis
 FILE TYPE:DIS6                   UNIT 1005   STATUS:OLD                 
 FORMAT:FORMATTED              ACCESS:SEQUENTIAL          
 ACTION:READ                


 OPENED tr_redrch.ic
 FILE TYPE:IC6                    UNIT 1006   STATUS:OLD                 
 FORMAT:FORMATTED              ACCESS:SEQUENTIAL          
 ACTION:READ                


 OPENED tr_redrch.npf
 FILE TYPE:NPF6                   UNIT 1007   STATUS:OLD                 
 FORMAT:FORMATTED              ACCESS:SEQUENTIAL          
 ACTION:READ                


 OPENED tr_redrch.sto
 FILE TYPE:STO6                   UNIT 1008   STATUS:OLD                 
 FORMAT:FORMATTED              ACCESS:SEQUENTIAL          
 ACTION:READ                


 OPENED tr_redrch.chd
 FILE TYPE:CHD6                   UNIT 1009   STATUS:OLD                 
 FORMAT:FORMATTED              ACCESS:SEQUENTIAL          
 ACTION:READ                


 OPENED tr_redrch.rcha
 FILE TYPE:RCH6                   UNIT 1010   STATUS:OLD                 
 FORMAT:FORMATTED              ACCESS:SEQUENTIAL          
 ACTION:READ                


 OPENED tr_redrch.evta
 FILE TYPE:EVT6                   UNIT 1011   STATUS:OLD                 
 FORMAT:FORMATTED              ACCESS:SEQUENTIAL          
 ACTION:READ                


 OPENED tr_redrch.riv
 FILE TYPE:RIV6                   UNIT 1012   STATUS:OLD                 
 FORMAT:FORMATTED              ACCESS:SEQUENTIAL          
 ACTION:READ                


 OPENED tr_redrch.wel
 FILE TYPE:WEL6                   UNIT 1013   STATUS:OLD                 
 FORMAT:FORMATTED              ACCESS:SEQUENTIAL          
 ACTION:READ                


 OPENED tr_redrch.oc
 FILE TYPE:OC6                    UNIT 1014   STATUS:OLD                 
 FORMAT:FORMATTED              ACCESS:SEQUENTIAL          
 ACTION:READ                

 NAMEFILE OPTIONS:
    FLOWS WILL BE SAVED TO BUDGET FILE SPECIFIED IN OUTPUT CONTROL
    NEWTON-RAPHSON method enabled for the model.
    NEWTON-RAPHSON UNDER-RELAXATION based on the bottom elevation of the model will be applied to the model.

 DIS -- STRUCTURED GRID DISCRETIZATION PACKAGE, VERSION 2 : 3/27/2014 - INPUT READ FROM UNIT 1005


 # File generated by Flopy version 3.4.3 on 08/18/2026 at 07:36:12.
 PROCESSING DISCRETIZATION OPTIONS
 END OF DISCRETIZATION OPTIONS
 MODEL LENGTH UNIT IS UNDEFINED
 PROCESSING DISCRETIZATION DIMENSIONS
    NLAY =       3
    NROW =     150
    NCOL =     100
 END OF DISCRETIZATION DIMENSIONS
 PROCESSING GRIDDATA

                     DELR =   100.0000    

                     DELC =   100.0000    
 END PROCESSING GRIDDATA

 NPF -- NODE PROPERTY FLOW PACKAGE, VERSION 1, 3/30/2015 INPUT READ FROM UNIT 1007


 # File generated by Flopy version 3.4.3 on 08/18/2026 at 07:36:13.
 PROCESSING NPF OPTIONS
    SPECIFIC DISCHARGE WILL BE CALCULATED AT CELL CENTERS AND WRITTEN TO DATA-SPDIS IN BUDGET FILE WHEN REQUESTED.
 END OF NPF OPTIONS

 WEL   -- WEL PACKAGE, VERSION 8, 2/22/2014 INPUT READ FROM UNIT 1013
 # File generated by Flopy version 3.4.3 on 08/18/2026 at 07:36:14.

 PROCESSING WEL OPTIONS
    FLOWS WILL BE SAVED TO BUDGET FILE SPECIFIED IN OUTPUT CONTROL
    AUTOMATIC FLOW REDUCTION OF WELLS IMPLEMENTED.
    AUTOMATIC FLOW REDUCTION FRACTION (  0.1000000    ).
 END OF WEL OPTIONS

 PROCESSING WEL DIMENSIONS
    MAXBOUND =      10
 END OF WEL DIMENSIONS

 RIV   -- RIV PACKAGE, VERSION 8, 2/22/2014 INPUT READ FROM UNIT 1012
 # File generated by Flopy version 3.4.3 on 08/18/2026 at 07:36:14.

 PROCESSING RIV OPTIONS
    FLOWS WILL BE SAVED TO BUDGET FILE SPECIFIED IN OUTPUT CONTROL
 END OF RIV OPTIONS

 PROCESSING RIV DIMENSIONS
    MAXBOUND =     150
 END OF RIV DIMENSIONS

 RCH   -- RCH PACKAGE, VERSION 8, 2/22/2014 INPUT READ FROM UNIT 1010
 # File generated by Flopy version 3.4.3 on 08/18/2026 at 07:36:13.

 PROCESSING RCH OPTIONS
    RECHARGE INPUT WILL BE READ AS ARRAY(S).
 END OF RCHA OPTIONS

 EVT   -- EVT PACKAGE, VERSION 8, 2/22/2014 INPUT READ FROM UNIT 1011
 # File generated by Flopy version 3.4.3 on 08/18/2026 at 07:36:14.

 PROCESSING EVT OPTIONS
    EVAPOTRANSPIRATION INPUT WILL BE READ AS ARRAYS.
 END OF EVTA OPTIONS

 CHD   -- CHD PACKAGE, VERSION 8, 2/22/2014 INPUT READ FROM UNIT 1009
 # File generated by Flopy version 3.4.3 on 08/18/2026 at 07:36:13.

 PROCESSING CHD OPTIONS
 END OF CHD OPTIONS

 PROCESSING CHD DIMENSIONS
    MAXBOUND =     600
 END OF CHD DIMENSIONS

 IC -- INITIAL CONDITIONS PACKAGE, VERSION 8, 3/28/2015 INPUT READ FROM UNIT 1006
 # File generated by Flopy version 3.4.3 on 08/18/2026 at 07:36:12.
 PROCESSING GRIDDATA
 END PROCESSING GRIDDATA
 PROCESSING GRIDDATA
 K22 not provided.  Assuming K22 = K.
 END PROCESSING GRIDDATA

 STO -- STORAGE PACKAGE, VERSION 1, 5/19/2014 INPUT READ FROM UNIT 1008


 # File generated by Flopy version 3.4.3 on 08/18/2026 at 07:36:13.
 PROCESSING STORAGE OPTIONS
 END OF STORAGE OPTIONS
 PROCESSING GRIDDATA

         SPECIFIC STORAGE =  0.1000000E-04 FOR LAYER 1

         SPECIFIC STORAGE =  0.5000000E-04 FOR LAYER 2

         SPECIFIC STORAGE =  0.3000000E-04 FOR LAYER 3

           SPECIFIC YIELD =  0.1500000     FOR LAYER 1

           SPECIFIC YIELD =  0.8000000E-01 FOR LAYER 2

           SPECIFIC YIELD =  0.5000000E-01 FOR LAYER 3
 END PROCESSING GRIDDATA
    BINARY GRID INFORMATION WILL BE WRITTEN TO:
      UNIT NUMBER: 1016
      FILE NAME: c:\Users\mouss\modeling\training\univ_bobo_2026\model\transient_reduced_recharge\tr_redrch.dis.grb

 OPENED c:\Users\mouss\modeling\training\univ_bobo_2026\model\transient_reduced_recharge\tr_redrch.dis.grb
 FILE TYPE:DATA(BINARY)   UNIT 1016   STATUS:REPLACE             
 FORMAT:UNFORMATTED            ACCESS:STREAM              
 ACTION:READWRITE           

      THE LAST TIME STEP WILL BE PRINTED
      THE LAST TIME STEP WILL BE PRINTED
 # File generated by Flopy version 3.4.3 on 08/18/2026 at 07:36:14.

 PROCESSING OC OPTIONS

    BUDGET INFORMATION WILL BE WRITTEN TO:
      UNIT NUMBER: 1017
      FILE NAME: tr_redrch.cbc

 OPENED tr_redrch.cbc
 FILE TYPE:DATA(BINARY)   UNIT 1017   STATUS:REPLACE             
 FORMAT:UNFORMATTED            ACCESS:STREAM              
 ACTION:READWRITE           

    HEAD INFORMATION WILL BE WRITTEN TO:
      UNIT NUMBER: 1018
      FILE NAME: tr_redrch.hds

 OPENED tr_redrch.hds
 FILE TYPE:DATA(BINARY)   UNIT 1018   STATUS:REPLACE             
 FORMAT:UNFORMATTED            ACCESS:STREAM              
 ACTION:READWRITE           

 END OF OC OPTIONS

start timestep kper="1" kstp="1" mode="normal"


 BEGIN READING OUTPUT CONTROL FOR STRESS PERIOD 1
      ALL TIME STEPS WILL BE SAVED
      ALL TIME STEPS WILL BE SAVED

 END READING OUTPUT CONTROL FOR STRESS PERIOD 1


 PROCESSING STORAGE PERIOD DATA
 END PROCESSING STORAGE PERIOD DATA


 STRESS PERIOD 1 IS TRANSIENT


  EVAPOTRANSPIRATION RATE =  0.2661290E-02

         EXTINCTION DEPTH =   4.000000    
 UBDSV1 SAVING           STO-SS ON UNIT   1017 AT TIME STEP      1, STRESS PERIOD      1
 UBDSV1 SAVING           STO-SY ON UNIT   1017 AT TIME STEP      1, STRESS PERIOD      1
 UBDSV1 SAVING     FLOW-JA-FACE ON UNIT   1017 AT TIME STEP      1, STRESS PERIOD      1
 UBDSV06 SAVING       DATA-SPDIS IN MODEL TR_REDRCH        PACKAGE NPF             CONNECTED TO MODEL TR_REDRCH        PACKAGE NPF              ON UNIT   1017 AT TIME STEP      1, STRESS PERIOD      1
 UBDSV06 SAVING              WEL IN MODEL TR_REDRCH        PACKAGE TR_REDRCH       CONNECTED TO MODEL TR_REDRCH        PACKAGE WEL_0            ON UNIT   1017 AT TIME STEP      1, STRESS PERIOD      1
 UBDSV06 SAVING              RIV IN MODEL TR_REDRCH        PACKAGE TR_REDRCH       CONNECTED TO MODEL TR_REDRCH        PACKAGE RIV_0            ON UNIT   1017 AT TIME STEP      1, STRESS PERIOD      1
 UBDSV06 SAVING             RCHA IN MODEL TR_REDRCH        PACKAGE TR_REDRCH       CONNECTED TO MODEL TR_REDRCH        PACKAGE RCHA_0           ON UNIT   1017 AT TIME STEP      1, STRESS PERIOD      1
 UBDSV06 SAVING            EVTA  IN MODEL TR_REDRCH        PACKAGE TR_REDRCH       CONNECTED TO MODEL TR_REDRCH        PACKAGE EVTA_0           ON UNIT   1017 AT TIME STEP      1, STRESS PERIOD      1
 UBDSV06 SAVING              CHD IN MODEL TR_REDRCH        PACKAGE TR_REDRCH       CONNECTED TO MODEL TR_REDRCH        PACKAGE CHD_0            ON UNIT   1017 AT TIME STEP      1, STRESS PERIOD      1

 HEAD WILL BE SAVED ON UNIT 1018 AT END OF TIME STEP    1, STRESS PERIOD    1

end timestep


start timestep kper="1" kstp="2" mode="normal"

 UBDSV1 SAVING           STO-SS ON UNIT   1017 AT TIME STEP      2, STRESS PERIOD      1
 UBDSV1 SAVING           STO-SY ON UNIT   1017 AT TIME STEP      2, STRESS PERIOD      1
 UBDSV1 SAVING     FLOW-JA-FACE ON UNIT   1017 AT TIME STEP      2, STRESS PERIOD      1
 UBDSV06 SAVING       DATA-SPDIS IN MODEL TR_REDRCH        PACKAGE NPF             CONNECTED TO MODEL TR_REDRCH        PACKAGE NPF              ON UNIT   1017 AT TIME STEP      2, STRESS PERIOD      1
 UBDSV06 SAVING              WEL IN MODEL TR_REDRCH        PACKAGE TR_REDRCH       CONNECTED TO MODEL TR_REDRCH        PACKAGE WEL_0            ON UNIT   1017 AT TIME STEP      2, STRESS PERIOD      1
 UBDSV06 SAVING              RIV IN MODEL TR_REDRCH        PACKAGE TR_REDRCH       CONNECTED TO MODEL TR_REDRCH        PACKAGE RIV_0            ON UNIT   1017 AT TIME STEP      2, STRESS PERIOD      1
 UBDSV06 SAVING             RCHA IN MODEL TR_REDRCH        PACKAGE TR_REDRCH       CONNECTED TO MODEL TR_REDRCH        PACKAGE RCHA_0           ON UNIT   1017 AT TIME STEP      2, STRESS PERIOD      1
 UBDSV06 SAVING            EVTA  IN MODEL TR_REDRCH        PACKAGE TR_REDRCH       CONNECTED TO MODEL TR_REDRCH        PACKAGE EVTA_0           ON UNIT   1017 AT TIME STEP      2, STRESS PERIOD      1
 UBDSV06 SAVING              CHD IN MODEL TR_REDRCH        PACKAGE TR_REDRCH       CONNECTED TO MODEL TR_REDRCH        PACKAGE CHD_0            ON UNIT   1017 AT TIME STEP      2, STRESS PERIOD      1

 HEAD WILL BE SAVED ON UNIT 1018 AT END OF TIME STEP    2, STRESS PERIOD    1

end timestep


start timestep kper="1" kstp="3" mode="normal"

 UBDSV1 SAVING           STO-SS ON UNIT   1017 AT TIME STEP      3, STRESS PERIOD      1
 UBDSV1 SAVING           STO-SY ON UNIT   1017 AT TIME STEP      3, STRESS PERIOD      1
 UBDSV1 SAVING     FLOW-JA-FACE ON UNIT   1017 AT TIME STEP      3, STRESS PERIOD      1
 UBDSV06 SAVING       DATA-SPDIS IN MODEL TR_REDRCH        PACKAGE NPF             CONNECTED TO MODEL TR_REDRCH        PACKAGE NPF              ON UNIT   1017 AT TIME STEP      3, STRESS PERIOD      1
 UBDSV06 SAVING              WEL IN MODEL TR_REDRCH        PACKAGE TR_REDRCH       CONNECTED TO MODEL TR_REDRCH        PACKAGE WEL_0            ON UNIT   1017 AT TIME STEP      3, STRESS PERIOD      1
 UBDSV06 SAVING              RIV IN MODEL TR_REDRCH        PACKAGE TR_REDRCH       CONNECTED TO MODEL TR_REDRCH        PACKAGE RIV_0            ON UNIT   1017 AT TIME STEP      3, STRESS PERIOD      1
 UBDSV06 SAVING             RCHA IN MODEL TR_REDRCH        PACKAGE TR_REDRCH       CONNECTED TO MODEL TR_REDRCH        PACKAGE RCHA_0           ON UNIT   1017 AT TIME STEP      3, STRESS PERIOD      1
 UBDSV06 SAVING            EVTA  IN MODEL TR_REDRCH        PACKAGE TR_REDRCH       CONNECTED TO MODEL TR_REDRCH        PACKAGE EVTA_0           ON UNIT   1017 AT TIME STEP      3, STRESS PERIOD      1
 UBDSV06 SAVING              CHD IN MODEL TR_REDRCH        PACKAGE TR_REDRCH       CONNECTED TO MODEL TR_REDRCH        PACKAGE CHD_0            ON UNIT   1017 AT TIME STEP      3, STRESS PERIOD      1

 HEAD WILL BE SAVED ON UNIT 1018 AT END OF TIME STEP    3, STRESS PERIOD    1

end timestep


start timestep kper="1" kstp="4" mode="normal"

 UBDSV1 SAVING           STO-SS ON UNIT   1017 AT TIME STEP      4, STRESS PERIOD      1
 UBDSV1 SAVING           STO-SY ON UNIT   1017 AT TIME STEP      4, STRESS PERIOD      1
 UBDSV1 SAVING     FLOW-JA-FACE ON UNIT   1017 AT TIME STEP      4, STRESS PERIOD      1
 UBDSV06 SAVING       DATA-SPDIS IN MODEL TR_REDRCH        PACKAGE NPF             CONNECTED TO MODEL TR_REDRCH        PACKAGE NPF              ON UNIT   1017 AT TIME STEP      4, STRESS PERIOD      1
 UBDSV06 SAVING              WEL IN MODEL TR_REDRCH        PACKAGE TR_REDRCH       CONNECTED TO MODEL TR_REDRCH        PACKAGE WEL_0            ON UNIT   1017 AT TIME STEP      4, STRESS PERIOD      1
 UBDSV06 SAVING              RIV IN MODEL TR_REDRCH        PACKAGE TR_REDRCH       CONNECTED TO MODEL TR_REDRCH        PACKAGE RIV_0            ON UNIT   1017 AT TIME STEP      4, STRESS PERIOD      1
 UBDSV06 SAVING             RCHA IN MODEL TR_REDRCH        PACKAGE TR_REDRCH       CONNECTED TO MODEL TR_REDRCH        PACKAGE RCHA_0           ON UNIT   1017 AT TIME STEP      4, STRESS PERIOD      1
 UBDSV06 SAVING            EVTA  IN MODEL TR_REDRCH        PACKAGE TR_REDRCH       CONNECTED TO MODEL TR_REDRCH        PACKAGE EVTA_0           ON UNIT   1017 AT TIME STEP      4, STRESS PERIOD      1
 UBDSV06 SAVING              CHD IN MODEL TR_REDRCH        PACKAGE TR_REDRCH       CONNECTED TO MODEL TR_REDRCH        PACKAGE CHD_0            ON UNIT   1017 AT TIME STEP      4, STRESS PERIOD      1

 HEAD WILL BE SAVED ON UNIT 1018 AT END OF TIME STEP    4, STRESS PERIOD    1

end timestep


start timestep kper="1" kstp="5" mode="normal"

 UBDSV1 SAVING           STO-SS ON UNIT   1017 AT TIME STEP      5, STRESS PERIOD      1
 UBDSV1 SAVING           STO-SY ON UNIT   1017 AT TIME STEP      5, STRESS PERIOD      1
 UBDSV1 SAVING     FLOW-JA-FACE ON UNIT   1017 AT TIME STEP      5, STRESS PERIOD      1
 UBDSV06 SAVING       DATA-SPDIS IN MODEL TR_REDRCH        PACKAGE NPF             CONNECTED TO MODEL TR_REDRCH        PACKAGE NPF              ON UNIT   1017 AT TIME STEP      5, STRESS PERIOD      1
 UBDSV06 SAVING              WEL IN MODEL TR_REDRCH        PACKAGE TR_REDRCH       CONNECTED TO MODEL TR_REDRCH        PACKAGE WEL_0            ON UNIT   1017 AT TIME STEP      5, STRESS PERIOD      1
 UBDSV06 SAVING              RIV IN MODEL TR_REDRCH        PACKAGE TR_REDRCH       CONNECTED TO MODEL TR_REDRCH        PACKAGE RIV_0            ON UNIT   1017 AT TIME STEP      5, STRESS PERIOD      1
 UBDSV06 SAVING             RCHA IN MODEL TR_REDRCH        PACKAGE TR_REDRCH       CONNECTED TO MODEL TR_REDRCH        PACKAGE RCHA_0           ON UNIT   1017 AT TIME STEP      5, STRESS PERIOD      1
 UBDSV06 SAVING            EVTA  IN MODEL TR_REDRCH        PACKAGE TR_REDRCH       CONNECTED TO MODEL TR_REDRCH        PACKAGE EVTA_0           ON UNIT   1017 AT TIME STEP      5, STRESS PERIOD      1
 UBDSV06 SAVING              CHD IN MODEL TR_REDRCH        PACKAGE TR_REDRCH       CONNECTED TO MODEL TR_REDRCH        PACKAGE CHD_0            ON UNIT   1017 AT TIME STEP      5, STRESS PERIOD      1

 HEAD WILL BE SAVED ON UNIT 1018 AT END OF TIME STEP    5, STRESS PERIOD    1

end timestep


start timestep kper="1" kstp="6" mode="normal"

 UBDSV1 SAVING           STO-SS ON UNIT   1017 AT TIME STEP      6, STRESS PERIOD      1
 UBDSV1 SAVING           STO-SY ON UNIT   1017 AT TIME STEP      6, STRESS PERIOD      1
 UBDSV1 SAVING     FLOW-JA-FACE ON UNIT   1017 AT TIME STEP      6, STRESS PERIOD      1
 UBDSV06 SAVING       DATA-SPDIS IN MODEL TR_REDRCH        PACKAGE NPF             CONNECTED TO MODEL TR_REDRCH        PACKAGE NPF              ON UNIT   1017 AT TIME STEP      6, STRESS PERIOD      1
 UBDSV06 SAVING              WEL IN MODEL TR_REDRCH        PACKAGE TR_REDRCH       CONNECTED TO MODEL TR_REDRCH        PACKAGE WEL_0            ON UNIT   1017 AT TIME STEP      6, STRESS PERIOD      1
 UBDSV06 SAVING              RIV IN MODEL TR_REDRCH        PACKAGE TR_REDRCH       CONNECTED TO MODEL TR_REDRCH        PACKAGE RIV_0            ON UNIT   1017 AT TIME STEP      6, STRESS PERIOD      1
 UBDSV06 SAVING             RCHA IN MODEL TR_REDRCH        PACKAGE TR_REDRCH       CONNECTED TO MODEL TR_REDRCH        PACKAGE RCHA_0           ON UNIT   1017 AT TIME STEP      6, STRESS PERIOD      1
 UBDSV06 SAVING            EVTA  IN MODEL TR_REDRCH        PACKAGE TR_REDRCH       CONNECTED TO MODEL TR_REDRCH        PACKAGE EVTA_0           ON UNIT   1017 AT TIME STEP      6, STRESS PERIOD      1
 UBDSV06 SAVING              CHD IN MODEL TR_REDRCH        PACKAGE TR_REDRCH       CONNECTED TO MODEL TR_REDRCH        PACKAGE CHD_0            ON UNIT   1017 AT TIME STEP      6, STRESS PERIOD      1

 HEAD WILL BE SAVED ON UNIT 1018 AT END OF TIME STEP    6, STRESS PERIOD    1


  VOLUME BUDGET FOR ENTIRE MODEL AT END OF TIME STEP    6, STRESS PERIOD   1
  ---------------------------------------------------------------------------------------------------

     CUMULATIVE VOLUME      L**3       RATES FOR THIS TIME STEP      L**3/T          PACKAGE NAME    
     ------------------                 ------------------------                     ----------------

           IN:                                      IN:
           ---                                      ---
              STO-SS =       30238.1976                STO-SS =         631.0833     STORAGE                          
              STO-SY =      933576.5972                STO-SY =       29588.6056     STORAGE                          
                 WEL =           0.0000                   WEL =           0.0000     WEL_0                            
                 RIV =        7389.3352                   RIV =         252.4809     RIV_0                            
                RCHA =           0.0000                  RCHA =           0.0000     RCHA_0                           
                EVTA =           0.0000                  EVTA =           0.0000     EVTA_0                           
                 CHD =      274656.7841                   CHD =        9048.7933     CHD_0                            

            TOTAL IN =     1245860.9140              TOTAL IN =       39520.9631

          OUT:                                     OUT:
          ----                                     ----
              STO-SS =        1689.8538                STO-SS =          19.2695     STORAGE                          
              STO-SY =       44825.5234                STO-SY =        1268.6840     STORAGE                          
                 WEL =      456073.5027                   WEL =       14858.1984     WEL_0                            
                 RIV =      341707.1502                   RIV =       10863.9534     RIV_0                            
                RCHA =           0.0000                  RCHA =           0.0000     RCHA_0                           
                EVTA =      389807.9172                  EVTA =       12158.2227     EVTA_0                           
                 CHD =       11756.9721                   CHD =         352.6349     CHD_0                            

           TOTAL OUT =     1245860.9194             TOTAL OUT =       39520.9629

            IN - OUT =      -5.3480E-03              IN - OUT =       2.1090E-04

 PERCENT DISCREPANCY =          -0.00     PERCENT DISCREPANCY =           0.00




         TIME SUMMARY AT END OF TIME STEP    6 IN STRESS PERIOD    1
                    SECONDS     MINUTES      HOURS       DAYS        YEARS
                    -----------------------------------------------------------
   TIME STEP LENGTH 7.79609E+05  12993.      216.56      9.0232     2.47043E-02
 STRESS PERIOD TIME 2.67840E+06  44640.      744.00      31.000     8.48734E-02
         TOTAL TIME 2.67840E+06  44640.      744.00      31.000     8.48734E-02


end timestep


start timestep kper="2" kstp="1" mode="normal"


 BEGIN READING OUTPUT CONTROL FOR STRESS PERIOD 2
      ALL TIME STEPS WILL BE SAVED
      ALL TIME STEPS WILL BE SAVED

 END READING OUTPUT CONTROL FOR STRESS PERIOD 2


 PROCESSING STORAGE PERIOD DATA
 END PROCESSING STORAGE PERIOD DATA


 STRESS PERIOD 2 IS TRANSIENT


 REUSING RIVS FROM LAST STRESS PERIOD

  EVAPOTRANSPIRATION RATE =  0.3142860E-02

 REUSING CHDS FROM LAST STRESS PERIOD
 UBDSV1 SAVING           STO-SS ON UNIT   1017 AT TIME STEP      1, STRESS PERIOD      2
 UBDSV1 SAVING           STO-SY ON UNIT   1017 AT TIME STEP      1, STRESS PERIOD      2
 UBDSV1 SAVING     FLOW-JA-FACE ON UNIT   1017 AT TIME STEP      1, STRESS PERIOD      2
 UBDSV06 SAVING       DATA-SPDIS IN MODEL TR_REDRCH        PACKAGE NPF             CONNECTED TO MODEL TR_REDRCH        PACKAGE NPF              ON UNIT   1017 AT TIME STEP      1, STRESS PERIOD      2
 UBDSV06 SAVING              WEL IN MODEL TR_REDRCH        PACKAGE TR_REDRCH       CONNECTED TO MODEL TR_REDRCH        PACKAGE WEL_0            ON UNIT   1017 AT TIME STEP      1, STRESS PERIOD      2
 UBDSV06 SAVING              RIV IN MODEL TR_REDRCH        PACKAGE TR_REDRCH       CONNECTED TO MODEL TR_REDRCH        PACKAGE RIV_0            ON UNIT   1017 AT TIME STEP      1, STRESS PERIOD      2
 UBDSV06 SAVING             RCHA IN MODEL TR_REDRCH        PACKAGE TR_REDRCH       CONNECTED TO MODEL TR_REDRCH        PACKAGE RCHA_0           ON UNIT   1017 AT TIME STEP      1, STRESS PERIOD      2
 UBDSV06 SAVING            EVTA  IN MODEL TR_REDRCH        PACKAGE TR_REDRCH       CONNECTED TO MODEL TR_REDRCH        PACKAGE EVTA_0           ON UNIT   1017 AT TIME STEP      1, STRESS PERIOD      2
 UBDSV06 SAVING              CHD IN MODEL TR_REDRCH        PACKAGE TR_REDRCH       CONNECTED TO MODEL TR_REDRCH        PACKAGE CHD_0            ON UNIT   1017 AT TIME STEP      1, STRESS PERIOD      2

 HEAD WILL BE SAVED ON UNIT 1018 AT END OF TIME STEP    1, STRESS PERIOD    2

end timestep


start timestep kper="2" kstp="2" mode="normal"

 UBDSV1 SAVING           STO-SS ON UNIT   1017 AT TIME STEP      2, STRESS PERIOD      2
 UBDSV1 SAVING           STO-SY ON UNIT   1017 AT TIME STEP      2, STRESS PERIOD      2
 UBDSV1 SAVING     FLOW-JA-FACE ON UNIT   1017 AT TIME STEP      2, STRESS PERIOD      2
 UBDSV06 SAVING       DATA-SPDIS IN MODEL TR_REDRCH        PACKAGE NPF             CONNECTED TO MODEL TR_REDRCH        PACKAGE NPF              ON UNIT   1017 AT TIME STEP      2, STRESS PERIOD      2
 UBDSV06 SAVING              WEL IN MODEL TR_REDRCH        PACKAGE TR_REDRCH       CONNECTED TO MODEL TR_REDRCH        PACKAGE WEL_0            ON UNIT   1017 AT TIME STEP      2, STRESS PERIOD      2
 UBDSV06 SAVING              RIV IN MODEL TR_REDRCH        PACKAGE TR_REDRCH       CONNECTED TO MODEL TR_REDRCH        PACKAGE RIV_0            ON UNIT   1017 AT TIME STEP      2, STRESS PERIOD      2
 UBDSV06 SAVING             RCHA IN MODEL TR_REDRCH        PACKAGE TR_REDRCH       CONNECTED TO MODEL TR_REDRCH        PACKAGE RCHA_0           ON UNIT   1017 AT TIME STEP      2, STRESS PERIOD      2
 UBDSV06 SAVING            EVTA  IN MODEL TR_REDRCH        PACKAGE TR_REDRCH       CONNECTED TO MODEL TR_REDRCH        PACKAGE EVTA_0           ON UNIT   1017 AT TIME STEP      2, STRESS PERIOD      2
 UBDSV06 SAVING              CHD IN MODEL TR_REDRCH        PACKAGE TR_REDRCH       CONNECTED TO MODEL TR_REDRCH        PACKAGE CHD_0            ON UNIT   1017 AT TIME STEP      2, STRESS PERIOD      2

 HEAD WILL BE SAVED ON UNIT 1018 AT END OF TIME STEP    2, STRESS PERIOD    2

end timestep


start timestep kper="2" kstp="3" mode="normal"

 UBDSV1 SAVING           STO-SS ON UNIT   1017 AT TIME STEP      3, STRESS PERIOD      2
 UBDSV1 SAVING           STO-SY ON UNIT   1017 AT TIME STEP      3, STRESS PERIOD      2
 UBDSV1 SAVING     FLOW-JA-FACE ON UNIT   1017 AT TIME STEP      3, STRESS PERIOD      2
 UBDSV06 SAVING       DATA-SPDIS IN MODEL TR_REDRCH        PACKAGE NPF             CONNECTED TO MODEL TR_REDRCH        PACKAGE NPF              ON UNIT   1017 AT TIME STEP      3, STRESS PERIOD      2
 UBDSV06 SAVING              WEL IN MODEL TR_REDRCH        PACKAGE TR_REDRCH       CONNECTED TO MODEL TR_REDRCH        PACKAGE WEL_0            ON UNIT   1017 AT TIME STEP      3, STRESS PERIOD      2
 UBDSV06 SAVING              RIV IN MODEL TR_REDRCH        PACKAGE TR_REDRCH       CONNECTED TO MODEL TR_REDRCH        PACKAGE RIV_0            ON UNIT   1017 AT TIME STEP      3, STRESS PERIOD      2
 UBDSV06 SAVING             RCHA IN MODEL TR_REDRCH        PACKAGE TR_REDRCH       CONNECTED TO MODEL TR_REDRCH        PACKAGE RCHA_0           ON UNIT   1017 AT TIME STEP      3, STRESS PERIOD      2
 UBDSV06 SAVING            EVTA  IN MODEL TR_REDRCH        PACKAGE TR_REDRCH       CONNECTED TO MODEL TR_REDRCH        PACKAGE EVTA_0           ON UNIT   1017 AT TIME STEP      3, STRESS PERIOD      2
 UBDSV06 SAVING              CHD IN MODEL TR_REDRCH        PACKAGE TR_REDRCH       CONNECTED TO MODEL TR_REDRCH        PACKAGE CHD_0            ON UNIT   1017 AT TIME STEP      3, STRESS PERIOD      2

 HEAD WILL BE SAVED ON UNIT 1018 AT END OF TIME STEP    3, STRESS PERIOD    2

end timestep


start timestep kper="2" kstp="4" mode="normal"

 UBDSV1 SAVING           STO-SS ON UNIT   1017 AT TIME STEP      4, STRESS PERIOD      2
 UBDSV1 SAVING           STO-SY ON UNIT   1017 AT TIME STEP      4, STRESS PERIOD      2
 UBDSV1 SAVING     FLOW-JA-FACE ON UNIT   1017 AT TIME STEP      4, STRESS PERIOD      2
 UBDSV06 SAVING       DATA-SPDIS IN MODEL TR_REDRCH        PACKAGE NPF             CONNECTED TO MODEL TR_REDRCH        PACKAGE NPF              ON UNIT   1017 AT TIME STEP      4, STRESS PERIOD      2
 UBDSV06 SAVING              WEL IN MODEL TR_REDRCH        PACKAGE TR_REDRCH       CONNECTED TO MODEL TR_REDRCH        PACKAGE WEL_0            ON UNIT   1017 AT TIME STEP      4, STRESS PERIOD      2
 UBDSV06 SAVING              RIV IN MODEL TR_REDRCH        PACKAGE TR_REDRCH       CONNECTED TO MODEL TR_REDRCH        PACKAGE RIV_0            ON UNIT   1017 AT TIME STEP      4, STRESS PERIOD      2
 UBDSV06 SAVING             RCHA IN MODEL TR_REDRCH        PACKAGE TR_REDRCH       CONNECTED TO MODEL TR_REDRCH        PACKAGE RCHA_0           ON UNIT   1017 AT TIME STEP      4, STRESS PERIOD      2
 UBDSV06 SAVING            EVTA  IN MODEL TR_REDRCH        PACKAGE TR_REDRCH       CONNECTED TO MODEL TR_REDRCH        PACKAGE EVTA_0           ON UNIT   1017 AT TIME STEP      4, STRESS PERIOD      2
 UBDSV06 SAVING              CHD IN MODEL TR_REDRCH        PACKAGE TR_REDRCH       CONNECTED TO MODEL TR_REDRCH        PACKAGE CHD_0            ON UNIT   1017 AT TIME STEP      4, STRESS PERIOD      2

 HEAD WILL BE SAVED ON UNIT 1018 AT END OF TIME STEP    4, STRESS PERIOD    2

end timestep


start timestep kper="2" kstp="5" mode="normal"

 UBDSV1 SAVING           STO-SS ON UNIT   1017 AT TIME STEP      5, STRESS PERIOD      2
 UBDSV1 SAVING           STO-SY ON UNIT   1017 AT TIME STEP      5, STRESS PERIOD      2
 UBDSV1 SAVING     FLOW-JA-FACE ON UNIT   1017 AT TIME STEP      5, STRESS PERIOD      2
 UBDSV06 SAVING       DATA-SPDIS IN MODEL TR_REDRCH        PACKAGE NPF             CONNECTED TO MODEL TR_REDRCH        PACKAGE NPF              ON UNIT   1017 AT TIME STEP      5, STRESS PERIOD      2
 UBDSV06 SAVING              WEL IN MODEL TR_REDRCH        PACKAGE TR_REDRCH       CONNECTED TO MODEL TR_REDRCH        PACKAGE WEL_0            ON UNIT   1017 AT TIME STEP      5, STRESS PERIOD      2
 UBDSV06 SAVING              RIV IN MODEL TR_REDRCH        PACKAGE TR_REDRCH       CONNECTED TO MODEL TR_REDRCH        PACKAGE RIV_0            ON UNIT   1017 AT TIME STEP      5, STRESS PERIOD      2
 UBDSV06 SAVING             RCHA IN MODEL TR_REDRCH        PACKAGE TR_REDRCH       CONNECTED TO MODEL TR_REDRCH        PACKAGE RCHA_0           ON UNIT   1017 AT TIME STEP      5, STRESS PERIOD      2
 UBDSV06 SAVING            EVTA  IN MODEL TR_REDRCH        PACKAGE TR_REDRCH       CONNECTED TO MODEL TR_REDRCH        PACKAGE EVTA_0           ON UNIT   1017 AT TIME STEP      5, STRESS PERIOD      2
 UBDSV06 SAVING              CHD IN MODEL TR_REDRCH        PACKAGE TR_REDRCH       CONNECTED TO MODEL TR_REDRCH        PACKAGE CHD_0            ON UNIT   1017 AT TIME STEP      5, STRESS PERIOD      2

 HEAD WILL BE SAVED ON UNIT 1018 AT END OF TIME STEP    5, STRESS PERIOD    2

end timestep


start timestep kper="2" kstp="6" mode="normal"

 UBDSV1 SAVING           STO-SS ON UNIT   1017 AT TIME STEP      6, STRESS PERIOD      2
 UBDSV1 SAVING           STO-SY ON UNIT   1017 AT TIME STEP      6, STRESS PERIOD      2
 UBDSV1 SAVING     FLOW-JA-FACE ON UNIT   1017 AT TIME STEP      6, STRESS PERIOD      2
 UBDSV06 SAVING       DATA-SPDIS IN MODEL TR_REDRCH        PACKAGE NPF             CONNECTED TO MODEL TR_REDRCH        PACKAGE NPF              ON UNIT   1017 AT TIME STEP      6, STRESS PERIOD      2
 UBDSV06 SAVING              WEL IN MODEL TR_REDRCH        PACKAGE TR_REDRCH       CONNECTED TO MODEL TR_REDRCH        PACKAGE WEL_0            ON UNIT   1017 AT TIME STEP      6, STRESS PERIOD      2
 UBDSV06 SAVING              RIV IN MODEL TR_REDRCH        PACKAGE TR_REDRCH       CONNECTED TO MODEL TR_REDRCH        PACKAGE RIV_0            ON UNIT   1017 AT TIME STEP      6, STRESS PERIOD      2
 UBDSV06 SAVING             RCHA IN MODEL TR_REDRCH        PACKAGE TR_REDRCH       CONNECTED TO MODEL TR_REDRCH        PACKAGE RCHA_0           ON UNIT   1017 AT TIME STEP      6, STRESS PERIOD      2
 UBDSV06 SAVING            EVTA  IN MODEL TR_REDRCH        PACKAGE TR_REDRCH       CONNECTED TO MODEL TR_REDRCH        PACKAGE EVTA_0           ON UNIT   1017 AT TIME STEP      6, STRESS PERIOD      2
 UBDSV06 SAVING              CHD IN MODEL TR_REDRCH        PACKAGE TR_REDRCH       CONNECTED TO MODEL TR_REDRCH        PACKAGE CHD_0            ON UNIT   1017 AT TIME STEP      6, STRESS PERIOD      2

 HEAD WILL BE SAVED ON UNIT 1018 AT END OF TIME STEP    6, STRESS PERIOD    2


  VOLUME BUDGET FOR ENTIRE MODEL AT END OF TIME STEP    6, STRESS PERIOD   2
  ---------------------------------------------------------------------------------------------------

     CUMULATIVE VOLUME      L**3       RATES FOR THIS TIME STEP      L**3/T          PACKAGE NAME    
     ------------------                 ------------------------                     ----------------

           IN:                                      IN:
           ---                                      ---
              STO-SS =       45750.5926                STO-SS =         561.2362     STORAGE                          
              STO-SY =     1774458.3161                STO-SY =       29212.9269     STORAGE                          
                 WEL =           0.0000                   WEL =           0.0000     WEL_0                            
                 RIV =       14967.9319                   RIV =         282.4645     RIV_0                            
                RCHA =           0.0000                  RCHA =           0.0000     RCHA_0                           
                EVTA =           0.0000                  EVTA =           0.0000     EVTA_0                           
                 CHD =      536682.2299                   CHD =        9520.8636     CHD_0                            

            TOTAL IN =     2371859.0705              TOTAL IN =       39577.4912

          OUT:                                     OUT:
          ----                                     ----
              STO-SS =        2773.1085                STO-SS =          15.2254     STORAGE                          
              STO-SY =       75751.5204                STO-SY =        1006.5970     STORAGE                          
                 WEL =      860081.3856                   WEL =       14486.0519     WEL_0                            
                 RIV =      641493.0132                   RIV =       10610.5069     RIV_0                            
                RCHA =           0.0000                  RCHA =           0.0000     RCHA_0                           
                EVTA =      771291.7992                  EVTA =       13169.7115     EVTA_0                           
                 CHD =       20468.2542                   CHD =         289.3985     CHD_0                            

           TOTAL OUT =     2371859.0811             TOTAL OUT =       39577.4912

            IN - OUT =      -1.0569E-02              IN - OUT =      -4.2868E-05

 PERCENT DISCREPANCY =          -0.00     PERCENT DISCREPANCY =          -0.00




         TIME SUMMARY AT END OF TIME STEP    6 IN STRESS PERIOD    2
                    SECONDS     MINUTES      HOURS       DAYS        YEARS
                    -----------------------------------------------------------
   TIME STEP LENGTH 7.04163E+05  11736.      195.60      8.1500     2.23136E-02
 STRESS PERIOD TIME 2.41920E+06  40320.      672.00      28.000     7.66598E-02
         TOTAL TIME 5.09760E+06  84960.      1416.0      59.000     0.16153    


end timestep


start timestep kper="3" kstp="1" mode="normal"


 BEGIN READING OUTPUT CONTROL FOR STRESS PERIOD 3
      ALL TIME STEPS WILL BE SAVED
      ALL TIME STEPS WILL BE SAVED

 END READING OUTPUT CONTROL FOR STRESS PERIOD 3


 PROCESSING STORAGE PERIOD DATA
 END PROCESSING STORAGE PERIOD DATA


 STRESS PERIOD 3 IS TRANSIENT


 REUSING RIVS FROM LAST STRESS PERIOD

  EVAPOTRANSPIRATION RATE =  0.3637100E-02

 REUSING CHDS FROM LAST STRESS PERIOD
 UBDSV1 SAVING           STO-SS ON UNIT   1017 AT TIME STEP      1, STRESS PERIOD      3
 UBDSV1 SAVING           STO-SY ON UNIT   1017 AT TIME STEP      1, STRESS PERIOD      3
 UBDSV1 SAVING     FLOW-JA-FACE ON UNIT   1017 AT TIME STEP      1, STRESS PERIOD      3
 UBDSV06 SAVING       DATA-SPDIS IN MODEL TR_REDRCH        PACKAGE NPF             CONNECTED TO MODEL TR_REDRCH        PACKAGE NPF              ON UNIT   1017 AT TIME STEP      1, STRESS PERIOD      3
 UBDSV06 SAVING              WEL IN MODEL TR_REDRCH        PACKAGE TR_REDRCH       CONNECTED TO MODEL TR_REDRCH        PACKAGE WEL_0            ON UNIT   1017 AT TIME STEP      1, STRESS PERIOD      3
 UBDSV06 SAVING              RIV IN MODEL TR_REDRCH        PACKAGE TR_REDRCH       CONNECTED TO MODEL TR_REDRCH        PACKAGE RIV_0            ON UNIT   1017 AT TIME STEP      1, STRESS PERIOD      3
 UBDSV06 SAVING             RCHA IN MODEL TR_REDRCH        PACKAGE TR_REDRCH       CONNECTED TO MODEL TR_REDRCH        PACKAGE RCHA_0           ON UNIT   1017 AT TIME STEP      1, STRESS PERIOD      3
 UBDSV06 SAVING            EVTA  IN MODEL TR_REDRCH        PACKAGE TR_REDRCH       CONNECTED TO MODEL TR_REDRCH        PACKAGE EVTA_0           ON UNIT   1017 AT TIME STEP      1, STRESS PERIOD      3
 UBDSV06 SAVING              CHD IN MODEL TR_REDRCH        PACKAGE TR_REDRCH       CONNECTED TO MODEL TR_REDRCH        PACKAGE CHD_0            ON UNIT   1017 AT TIME STEP      1, STRESS PERIOD      3

 HEAD WILL BE SAVED ON UNIT 1018 AT END OF TIME STEP    1, STRESS PERIOD    3

end timestep


start timestep kper="3" kstp="2" mode="normal"

 UBDSV1 SAVING           STO-SS ON UNIT   1017 AT TIME STEP      2, STRESS PERIOD      3
 UBDSV1 SAVING           STO-SY ON UNIT   1017 AT TIME STEP      2, STRESS PERIOD      3
 UBDSV1 SAVING     FLOW-JA-FACE ON UNIT   1017 AT TIME STEP      2, STRESS PERIOD      3
 UBDSV06 SAVING       DATA-SPDIS IN MODEL TR_REDRCH        PACKAGE NPF             CONNECTED TO MODEL TR_REDRCH        PACKAGE NPF              ON UNIT   1017 AT TIME STEP      2, STRESS PERIOD      3
 UBDSV06 SAVING              WEL IN MODEL TR_REDRCH        PACKAGE TR_REDRCH       CONNECTED TO MODEL TR_REDRCH        PACKAGE WEL_0            ON UNIT   1017 AT TIME STEP      2, STRESS PERIOD      3
 UBDSV06 SAVING              RIV IN MODEL TR_REDRCH        PACKAGE TR_REDRCH       CONNECTED TO MODEL TR_REDRCH        PACKAGE RIV_0            ON UNIT   1017 AT TIME STEP      2, STRESS PERIOD      3
 UBDSV06 SAVING             RCHA IN MODEL TR_REDRCH        PACKAGE TR_REDRCH       CONNECTED TO MODEL TR_REDRCH        PACKAGE RCHA_0           ON UNIT   1017 AT TIME STEP      2, STRESS PERIOD      3
 UBDSV06 SAVING            EVTA  IN MODEL TR_REDRCH        PACKAGE TR_REDRCH       CONNECTED TO MODEL TR_REDRCH        PACKAGE EVTA_0           ON UNIT   1017 AT TIME STEP      2, STRESS PERIOD      3
 UBDSV06 SAVING              CHD IN MODEL TR_REDRCH        PACKAGE TR_REDRCH       CONNECTED TO MODEL TR_REDRCH        PACKAGE CHD_0            ON UNIT   1017 AT TIME STEP      2, STRESS PERIOD      3

 HEAD WILL BE SAVED ON UNIT 1018 AT END OF TIME STEP    2, STRESS PERIOD    3

end timestep


start timestep kper="3" kstp="3" mode="normal"

 UBDSV1 SAVING           STO-SS ON UNIT   1017 AT TIME STEP      3, STRESS PERIOD      3
 UBDSV1 SAVING           STO-SY ON UNIT   1017 AT TIME STEP      3, STRESS PERIOD      3
 UBDSV1 SAVING     FLOW-JA-FACE ON UNIT   1017 AT TIME STEP      3, STRESS PERIOD      3
 UBDSV06 SAVING       DATA-SPDIS IN MODEL TR_REDRCH        PACKAGE NPF             CONNECTED TO MODEL TR_REDRCH        PACKAGE NPF              ON UNIT   1017 AT TIME STEP      3, STRESS PERIOD      3
 UBDSV06 SAVING              WEL IN MODEL TR_REDRCH        PACKAGE TR_REDRCH       CONNECTED TO MODEL TR_REDRCH        PACKAGE WEL_0            ON UNIT   1017 AT TIME STEP      3, STRESS PERIOD      3
 UBDSV06 SAVING              RIV IN MODEL TR_REDRCH        PACKAGE TR_REDRCH       CONNECTED TO MODEL TR_REDRCH        PACKAGE RIV_0            ON UNIT   1017 AT TIME STEP      3, STRESS PERIOD      3
 UBDSV06 SAVING             RCHA IN MODEL TR_REDRCH        PACKAGE TR_REDRCH       CONNECTED TO MODEL TR_REDRCH        PACKAGE RCHA_0           ON UNIT   1017 AT TIME STEP      3, STRESS PERIOD      3
 UBDSV06 SAVING            EVTA  IN MODEL TR_REDRCH        PACKAGE TR_REDRCH       CONNECTED TO MODEL TR_REDRCH        PACKAGE EVTA_0           ON UNIT   1017 AT TIME STEP      3, STRESS PERIOD      3
 UBDSV06 SAVING              CHD IN MODEL TR_REDRCH        PACKAGE TR_REDRCH       CONNECTED TO MODEL TR_REDRCH        PACKAGE CHD_0            ON UNIT   1017 AT TIME STEP      3, STRESS PERIOD      3

 HEAD WILL BE SAVED ON UNIT 1018 AT END OF TIME STEP    3, STRESS PERIOD    3

end timestep


start timestep kper="3" kstp="4" mode="normal"

 UBDSV1 SAVING           STO-SS ON UNIT   1017 AT TIME STEP      4, STRESS PERIOD      3
 UBDSV1 SAVING           STO-SY ON UNIT   1017 AT TIME STEP      4, STRESS PERIOD      3
 UBDSV1 SAVING     FLOW-JA-FACE ON UNIT   1017 AT TIME STEP      4, STRESS PERIOD      3
 UBDSV06 SAVING       DATA-SPDIS IN MODEL TR_REDRCH        PACKAGE NPF             CONNECTED TO MODEL TR_REDRCH        PACKAGE NPF              ON UNIT   1017 AT TIME STEP      4, STRESS PERIOD      3
 UBDSV06 SAVING              WEL IN MODEL TR_REDRCH        PACKAGE TR_REDRCH       CONNECTED TO MODEL TR_REDRCH        PACKAGE WEL_0            ON UNIT   1017 AT TIME STEP      4, STRESS PERIOD      3
 UBDSV06 SAVING              RIV IN MODEL TR_REDRCH        PACKAGE TR_REDRCH       CONNECTED TO MODEL TR_REDRCH        PACKAGE RIV_0            ON UNIT   1017 AT TIME STEP      4, STRESS PERIOD      3
 UBDSV06 SAVING             RCHA IN MODEL TR_REDRCH        PACKAGE TR_REDRCH       CONNECTED TO MODEL TR_REDRCH        PACKAGE RCHA_0           ON UNIT   1017 AT TIME STEP      4, STRESS PERIOD      3
 UBDSV06 SAVING            EVTA  IN MODEL TR_REDRCH        PACKAGE TR_REDRCH       CONNECTED TO MODEL TR_REDRCH        PACKAGE EVTA_0           ON UNIT   1017 AT TIME STEP      4, STRESS PERIOD      3
 UBDSV06 SAVING              CHD IN MODEL TR_REDRCH        PACKAGE TR_REDRCH       CONNECTED TO MODEL TR_REDRCH        PACKAGE CHD_0            ON UNIT   1017 AT TIME STEP      4, STRESS PERIOD      3

 HEAD WILL BE SAVED ON UNIT 1018 AT END OF TIME STEP    4, STRESS PERIOD    3

end timestep


start timestep kper="3" kstp="5" mode="normal"

 UBDSV1 SAVING           STO-SS ON UNIT   1017 AT TIME STEP      5, STRESS PERIOD      3
 UBDSV1 SAVING           STO-SY ON UNIT   1017 AT TIME STEP      5, STRESS PERIOD      3
 UBDSV1 SAVING     FLOW-JA-FACE ON UNIT   1017 AT TIME STEP      5, STRESS PERIOD      3
 UBDSV06 SAVING       DATA-SPDIS IN MODEL TR_REDRCH        PACKAGE NPF             CONNECTED TO MODEL TR_REDRCH        PACKAGE NPF              ON UNIT   1017 AT TIME STEP      5, STRESS PERIOD      3
 UBDSV06 SAVING              WEL IN MODEL TR_REDRCH        PACKAGE TR_REDRCH       CONNECTED TO MODEL TR_REDRCH        PACKAGE WEL_0            ON UNIT   1017 AT TIME STEP      5, STRESS PERIOD      3
 UBDSV06 SAVING              RIV IN MODEL TR_REDRCH        PACKAGE TR_REDRCH       CONNECTED TO MODEL TR_REDRCH        PACKAGE RIV_0            ON UNIT   1017 AT TIME STEP      5, STRESS PERIOD      3
 UBDSV06 SAVING             RCHA IN MODEL TR_REDRCH        PACKAGE TR_REDRCH       CONNECTED TO MODEL TR_REDRCH        PACKAGE RCHA_0           ON UNIT   1017 AT TIME STEP      5, STRESS PERIOD      3
 UBDSV06 SAVING            EVTA  IN MODEL TR_REDRCH        PACKAGE TR_REDRCH       CONNECTED TO MODEL TR_REDRCH        PACKAGE EVTA_0           ON UNIT   1017 AT TIME STEP      5, STRESS PERIOD      3
 UBDSV06 SAVING              CHD IN MODEL TR_REDRCH        PACKAGE TR_REDRCH       CONNECTED TO MODEL TR_REDRCH        PACKAGE CHD_0            ON UNIT   1017 AT TIME STEP      5, STRESS PERIOD      3

 HEAD WILL BE SAVED ON UNIT 1018 AT END OF TIME STEP    5, STRESS PERIOD    3

end timestep


start timestep kper="3" kstp="6" mode="normal"

 UBDSV1 SAVING           STO-SS ON UNIT   1017 AT TIME STEP      6, STRESS PERIOD      3
 UBDSV1 SAVING           STO-SY ON UNIT   1017 AT TIME STEP      6, STRESS PERIOD      3
 UBDSV1 SAVING     FLOW-JA-FACE ON UNIT   1017 AT TIME STEP      6, STRESS PERIOD      3
 UBDSV06 SAVING       DATA-SPDIS IN MODEL TR_REDRCH        PACKAGE NPF             CONNECTED TO MODEL TR_REDRCH        PACKAGE NPF              ON UNIT   1017 AT TIME STEP      6, STRESS PERIOD      3
 UBDSV06 SAVING              WEL IN MODEL TR_REDRCH        PACKAGE TR_REDRCH       CONNECTED TO MODEL TR_REDRCH        PACKAGE WEL_0            ON UNIT   1017 AT TIME STEP      6, STRESS PERIOD      3
 UBDSV06 SAVING              RIV IN MODEL TR_REDRCH        PACKAGE TR_REDRCH       CONNECTED TO MODEL TR_REDRCH        PACKAGE RIV_0            ON UNIT   1017 AT TIME STEP      6, STRESS PERIOD      3
 UBDSV06 SAVING             RCHA IN MODEL TR_REDRCH        PACKAGE TR_REDRCH       CONNECTED TO MODEL TR_REDRCH        PACKAGE RCHA_0           ON UNIT   1017 AT TIME STEP      6, STRESS PERIOD      3
 UBDSV06 SAVING            EVTA  IN MODEL TR_REDRCH        PACKAGE TR_REDRCH       CONNECTED TO MODEL TR_REDRCH        PACKAGE EVTA_0           ON UNIT   1017 AT TIME STEP      6, STRESS PERIOD      3
 UBDSV06 SAVING              CHD IN MODEL TR_REDRCH        PACKAGE TR_REDRCH       CONNECTED TO MODEL TR_REDRCH        PACKAGE CHD_0            ON UNIT   1017 AT TIME STEP      6, STRESS PERIOD      3

 HEAD WILL BE SAVED ON UNIT 1018 AT END OF TIME STEP    6, STRESS PERIOD    3


  VOLUME BUDGET FOR ENTIRE MODEL AT END OF TIME STEP    6, STRESS PERIOD   3
  ---------------------------------------------------------------------------------------------------

     CUMULATIVE VOLUME      L**3       RATES FOR THIS TIME STEP      L**3/T          PACKAGE NAME    
     ------------------                 ------------------------                     ----------------

           IN:                                      IN:
           ---                                      ---
              STO-SS =       70603.7063                STO-SS =         639.8147     STORAGE                          
              STO-SY =     2739048.4821                STO-SY =       30377.1953     STORAGE                          
                 WEL =           0.0000                   WEL =           0.0000     WEL_0                            
                 RIV =       24379.5418                   RIV =         318.6151     RIV_0                            
                RCHA =           0.0000                  RCHA =           0.0000     RCHA_0                           
                EVTA =           0.0000                  EVTA =           0.0000     EVTA_0                           
                 CHD =      842130.3814                   CHD =       10025.2766     CHD_0                            

            TOTAL IN =     3676162.1116              TOTAL IN =       41360.9017

          OUT:                                     OUT:
          ----                                     ----
              STO-SS =        3182.7144                STO-SS =          12.1206     STORAGE                          
              STO-SY =      102924.2381                STO-SY =         803.5469     STORAGE                          
                 WEL =     1360684.1963                   WEL =       16180.1875     WEL_0                            
                 RIV =      966154.6988                   RIV =       10387.2775     RIV_0                            
                RCHA =           0.0000                  RCHA =           0.0000     RCHA_0                           
                EVTA =     1215041.7549                  EVTA =       13749.7931     EVTA_0                           
                 CHD =       28174.5223                   CHD =         227.9761     CHD_0                            

           TOTAL OUT =     3676162.1248             TOTAL OUT =       41360.9017

            IN - OUT =      -1.3161E-02              IN - OUT =      -1.1932E-05

 PERCENT DISCREPANCY =          -0.00     PERCENT DISCREPANCY =          -0.00




         TIME SUMMARY AT END OF TIME STEP    6 IN STRESS PERIOD    3
                    SECONDS     MINUTES      HOURS       DAYS        YEARS
                    -----------------------------------------------------------
   TIME STEP LENGTH 7.79609E+05  12993.      216.56      9.0232     2.47043E-02
 STRESS PERIOD TIME 2.67840E+06  44640.      744.00      31.000     8.48734E-02
         TOTAL TIME 7.77600E+06 1.29600E+05  2160.0      90.000     0.24641    


end timestep


start timestep kper="4" kstp="1" mode="normal"


 BEGIN READING OUTPUT CONTROL FOR STRESS PERIOD 4
      ALL TIME STEPS WILL BE SAVED
      ALL TIME STEPS WILL BE SAVED

 END READING OUTPUT CONTROL FOR STRESS PERIOD 4


 PROCESSING STORAGE PERIOD DATA
 END PROCESSING STORAGE PERIOD DATA


 STRESS PERIOD 4 IS TRANSIENT


 REUSING RIVS FROM LAST STRESS PERIOD

  EVAPOTRANSPIRATION RATE =  0.3850000E-02

 REUSING CHDS FROM LAST STRESS PERIOD
 UBDSV1 SAVING           STO-SS ON UNIT   1017 AT TIME STEP      1, STRESS PERIOD      4
 UBDSV1 SAVING           STO-SY ON UNIT   1017 AT TIME STEP      1, STRESS PERIOD      4
 UBDSV1 SAVING     FLOW-JA-FACE ON UNIT   1017 AT TIME STEP      1, STRESS PERIOD      4
 UBDSV06 SAVING       DATA-SPDIS IN MODEL TR_REDRCH        PACKAGE NPF             CONNECTED TO MODEL TR_REDRCH        PACKAGE NPF              ON UNIT   1017 AT TIME STEP      1, STRESS PERIOD      4
 UBDSV06 SAVING              WEL IN MODEL TR_REDRCH        PACKAGE TR_REDRCH       CONNECTED TO MODEL TR_REDRCH        PACKAGE WEL_0            ON UNIT   1017 AT TIME STEP      1, STRESS PERIOD      4
 UBDSV06 SAVING              RIV IN MODEL TR_REDRCH        PACKAGE TR_REDRCH       CONNECTED TO MODEL TR_REDRCH        PACKAGE RIV_0            ON UNIT   1017 AT TIME STEP      1, STRESS PERIOD      4
 UBDSV06 SAVING             RCHA IN MODEL TR_REDRCH        PACKAGE TR_REDRCH       CONNECTED TO MODEL TR_REDRCH        PACKAGE RCHA_0           ON UNIT   1017 AT TIME STEP      1, STRESS PERIOD      4
 UBDSV06 SAVING            EVTA  IN MODEL TR_REDRCH        PACKAGE TR_REDRCH       CONNECTED TO MODEL TR_REDRCH        PACKAGE EVTA_0           ON UNIT   1017 AT TIME STEP      1, STRESS PERIOD      4
 UBDSV06 SAVING              CHD IN MODEL TR_REDRCH        PACKAGE TR_REDRCH       CONNECTED TO MODEL TR_REDRCH        PACKAGE CHD_0            ON UNIT   1017 AT TIME STEP      1, STRESS PERIOD      4

 HEAD WILL BE SAVED ON UNIT 1018 AT END OF TIME STEP    1, STRESS PERIOD    4

end timestep


start timestep kper="4" kstp="2" mode="normal"

 UBDSV1 SAVING           STO-SS ON UNIT   1017 AT TIME STEP      2, STRESS PERIOD      4
 UBDSV1 SAVING           STO-SY ON UNIT   1017 AT TIME STEP      2, STRESS PERIOD      4
 UBDSV1 SAVING     FLOW-JA-FACE ON UNIT   1017 AT TIME STEP      2, STRESS PERIOD      4
 UBDSV06 SAVING       DATA-SPDIS IN MODEL TR_REDRCH        PACKAGE NPF             CONNECTED TO MODEL TR_REDRCH        PACKAGE NPF              ON UNIT   1017 AT TIME STEP      2, STRESS PERIOD      4
 UBDSV06 SAVING              WEL IN MODEL TR_REDRCH        PACKAGE TR_REDRCH       CONNECTED TO MODEL TR_REDRCH        PACKAGE WEL_0            ON UNIT   1017 AT TIME STEP      2, STRESS PERIOD      4
 UBDSV06 SAVING              RIV IN MODEL TR_REDRCH        PACKAGE TR_REDRCH       CONNECTED TO MODEL TR_REDRCH        PACKAGE RIV_0            ON UNIT   1017 AT TIME STEP      2, STRESS PERIOD      4
 UBDSV06 SAVING             RCHA IN MODEL TR_REDRCH        PACKAGE TR_REDRCH       CONNECTED TO MODEL TR_REDRCH        PACKAGE RCHA_0           ON UNIT   1017 AT TIME STEP      2, STRESS PERIOD      4
 UBDSV06 SAVING            EVTA  IN MODEL TR_REDRCH        PACKAGE TR_REDRCH       CONNECTED TO MODEL TR_REDRCH        PACKAGE EVTA_0           ON UNIT   1017 AT TIME STEP      2, STRESS PERIOD      4
 UBDSV06 SAVING              CHD IN MODEL TR_REDRCH        PACKAGE TR_REDRCH       CONNECTED TO MODEL TR_REDRCH        PACKAGE CHD_0            ON UNIT   1017 AT TIME STEP      2, STRESS PERIOD      4

 HEAD WILL BE SAVED ON UNIT 1018 AT END OF TIME STEP    2, STRESS PERIOD    4

end timestep


start timestep kper="4" kstp="3" mode="normal"

 UBDSV1 SAVING           STO-SS ON UNIT   1017 AT TIME STEP      3, STRESS PERIOD      4
 UBDSV1 SAVING           STO-SY ON UNIT   1017 AT TIME STEP      3, STRESS PERIOD      4
 UBDSV1 SAVING     FLOW-JA-FACE ON UNIT   1017 AT TIME STEP      3, STRESS PERIOD      4
 UBDSV06 SAVING       DATA-SPDIS IN MODEL TR_REDRCH        PACKAGE NPF             CONNECTED TO MODEL TR_REDRCH        PACKAGE NPF              ON UNIT   1017 AT TIME STEP      3, STRESS PERIOD      4
 UBDSV06 SAVING              WEL IN MODEL TR_REDRCH        PACKAGE TR_REDRCH       CONNECTED TO MODEL TR_REDRCH        PACKAGE WEL_0            ON UNIT   1017 AT TIME STEP      3, STRESS PERIOD      4
 UBDSV06 SAVING              RIV IN MODEL TR_REDRCH        PACKAGE TR_REDRCH       CONNECTED TO MODEL TR_REDRCH        PACKAGE RIV_0            ON UNIT   1017 AT TIME STEP      3, STRESS PERIOD      4
 UBDSV06 SAVING             RCHA IN MODEL TR_REDRCH        PACKAGE TR_REDRCH       CONNECTED TO MODEL TR_REDRCH        PACKAGE RCHA_0           ON UNIT   1017 AT TIME STEP      3, STRESS PERIOD      4
 UBDSV06 SAVING            EVTA  IN MODEL TR_REDRCH        PACKAGE TR_REDRCH       CONNECTED TO MODEL TR_REDRCH        PACKAGE EVTA_0           ON UNIT   1017 AT TIME STEP      3, STRESS PERIOD      4
 UBDSV06 SAVING              CHD IN MODEL TR_REDRCH        PACKAGE TR_REDRCH       CONNECTED TO MODEL TR_REDRCH        PACKAGE CHD_0            ON UNIT   1017 AT TIME STEP      3, STRESS PERIOD      4

 HEAD WILL BE SAVED ON UNIT 1018 AT END OF TIME STEP    3, STRESS PERIOD    4

end timestep


start timestep kper="4" kstp="4" mode="normal"

 UBDSV1 SAVING           STO-SS ON UNIT   1017 AT TIME STEP      4, STRESS PERIOD      4
 UBDSV1 SAVING           STO-SY ON UNIT   1017 AT TIME STEP      4, STRESS PERIOD      4
 UBDSV1 SAVING     FLOW-JA-FACE ON UNIT   1017 AT TIME STEP      4, STRESS PERIOD      4
 UBDSV06 SAVING       DATA-SPDIS IN MODEL TR_REDRCH        PACKAGE NPF             CONNECTED TO MODEL TR_REDRCH        PACKAGE NPF              ON UNIT   1017 AT TIME STEP      4, STRESS PERIOD      4
 UBDSV06 SAVING              WEL IN MODEL TR_REDRCH        PACKAGE TR_REDRCH       CONNECTED TO MODEL TR_REDRCH        PACKAGE WEL_0            ON UNIT   1017 AT TIME STEP      4, STRESS PERIOD      4
 UBDSV06 SAVING              RIV IN MODEL TR_REDRCH        PACKAGE TR_REDRCH       CONNECTED TO MODEL TR_REDRCH        PACKAGE RIV_0            ON UNIT   1017 AT TIME STEP      4, STRESS PERIOD      4
 UBDSV06 SAVING             RCHA IN MODEL TR_REDRCH        PACKAGE TR_REDRCH       CONNECTED TO MODEL TR_REDRCH        PACKAGE RCHA_0           ON UNIT   1017 AT TIME STEP      4, STRESS PERIOD      4
 UBDSV06 SAVING            EVTA  IN MODEL TR_REDRCH        PACKAGE TR_REDRCH       CONNECTED TO MODEL TR_REDRCH        PACKAGE EVTA_0           ON UNIT   1017 AT TIME STEP      4, STRESS PERIOD      4
 UBDSV06 SAVING              CHD IN MODEL TR_REDRCH        PACKAGE TR_REDRCH       CONNECTED TO MODEL TR_REDRCH        PACKAGE CHD_0            ON UNIT   1017 AT TIME STEP      4, STRESS PERIOD      4

 HEAD WILL BE SAVED ON UNIT 1018 AT END OF TIME STEP    4, STRESS PERIOD    4

end timestep


start timestep kper="4" kstp="5" mode="normal"

 UBDSV1 SAVING           STO-SS ON UNIT   1017 AT TIME STEP      5, STRESS PERIOD      4
 UBDSV1 SAVING           STO-SY ON UNIT   1017 AT TIME STEP      5, STRESS PERIOD      4
 UBDSV1 SAVING     FLOW-JA-FACE ON UNIT   1017 AT TIME STEP      5, STRESS PERIOD      4
 UBDSV06 SAVING       DATA-SPDIS IN MODEL TR_REDRCH        PACKAGE NPF             CONNECTED TO MODEL TR_REDRCH        PACKAGE NPF              ON UNIT   1017 AT TIME STEP      5, STRESS PERIOD      4
 UBDSV06 SAVING              WEL IN MODEL TR_REDRCH        PACKAGE TR_REDRCH       CONNECTED TO MODEL TR_REDRCH        PACKAGE WEL_0            ON UNIT   1017 AT TIME STEP      5, STRESS PERIOD      4
 UBDSV06 SAVING              RIV IN MODEL TR_REDRCH        PACKAGE TR_REDRCH       CONNECTED TO MODEL TR_REDRCH        PACKAGE RIV_0            ON UNIT   1017 AT TIME STEP      5, STRESS PERIOD      4
 UBDSV06 SAVING             RCHA IN MODEL TR_REDRCH        PACKAGE TR_REDRCH       CONNECTED TO MODEL TR_REDRCH        PACKAGE RCHA_0           ON UNIT   1017 AT TIME STEP      5, STRESS PERIOD      4
 UBDSV06 SAVING            EVTA  IN MODEL TR_REDRCH        PACKAGE TR_REDRCH       CONNECTED TO MODEL TR_REDRCH        PACKAGE EVTA_0           ON UNIT   1017 AT TIME STEP      5, STRESS PERIOD      4
 UBDSV06 SAVING              CHD IN MODEL TR_REDRCH        PACKAGE TR_REDRCH       CONNECTED TO MODEL TR_REDRCH        PACKAGE CHD_0            ON UNIT   1017 AT TIME STEP      5, STRESS PERIOD      4

 HEAD WILL BE SAVED ON UNIT 1018 AT END OF TIME STEP    5, STRESS PERIOD    4

end timestep


start timestep kper="4" kstp="6" mode="normal"

 UBDSV1 SAVING           STO-SS ON UNIT   1017 AT TIME STEP      6, STRESS PERIOD      4
 UBDSV1 SAVING           STO-SY ON UNIT   1017 AT TIME STEP      6, STRESS PERIOD      4
 UBDSV1 SAVING     FLOW-JA-FACE ON UNIT   1017 AT TIME STEP      6, STRESS PERIOD      4
 UBDSV06 SAVING       DATA-SPDIS IN MODEL TR_REDRCH        PACKAGE NPF             CONNECTED TO MODEL TR_REDRCH        PACKAGE NPF              ON UNIT   1017 AT TIME STEP      6, STRESS PERIOD      4
 UBDSV06 SAVING              WEL IN MODEL TR_REDRCH        PACKAGE TR_REDRCH       CONNECTED TO MODEL TR_REDRCH        PACKAGE WEL_0            ON UNIT   1017 AT TIME STEP      6, STRESS PERIOD      4
 UBDSV06 SAVING              RIV IN MODEL TR_REDRCH        PACKAGE TR_REDRCH       CONNECTED TO MODEL TR_REDRCH        PACKAGE RIV_0            ON UNIT   1017 AT TIME STEP      6, STRESS PERIOD      4
 UBDSV06 SAVING             RCHA IN MODEL TR_REDRCH        PACKAGE TR_REDRCH       CONNECTED TO MODEL TR_REDRCH        PACKAGE RCHA_0           ON UNIT   1017 AT TIME STEP      6, STRESS PERIOD      4
 UBDSV06 SAVING            EVTA  IN MODEL TR_REDRCH        PACKAGE TR_REDRCH       CONNECTED TO MODEL TR_REDRCH        PACKAGE EVTA_0           ON UNIT   1017 AT TIME STEP      6, STRESS PERIOD      4
 UBDSV06 SAVING              CHD IN MODEL TR_REDRCH        PACKAGE TR_REDRCH       CONNECTED TO MODEL TR_REDRCH        PACKAGE CHD_0            ON UNIT   1017 AT TIME STEP      6, STRESS PERIOD      4

 HEAD WILL BE SAVED ON UNIT 1018 AT END OF TIME STEP    6, STRESS PERIOD    4


  VOLUME BUDGET FOR ENTIRE MODEL AT END OF TIME STEP    6, STRESS PERIOD   4
  ---------------------------------------------------------------------------------------------------

     CUMULATIVE VOLUME      L**3       RATES FOR THIS TIME STEP      L**3/T          PACKAGE NAME    
     ------------------                 ------------------------                     ----------------

           IN:                                      IN:
           ---                                      ---
              STO-SS =       85259.8523                STO-SS =         494.8985     STORAGE                          
              STO-SY =     3513946.9590                STO-SY =       25150.7407     STORAGE                          
                 WEL =           0.0000                   WEL =           0.0000     WEL_0                            
                 RIV =       34413.9349                   RIV =         346.3741     RIV_0                            
                RCHA =      120311.7157                  RCHA =        4010.3905     RCHA_0                           
                EVTA =           0.0000                  EVTA =           0.0000     EVTA_0                           
                 CHD =     1148804.2329                   CHD =       10330.0505     CHD_0                            

            TOTAL IN =     4902736.6949              TOTAL IN =       40332.4543

          OUT:                                     OUT:
          ----                                     ----
              STO-SS =        4290.5479                STO-SS =          10.9115     STORAGE                          
              STO-SY =      126009.0166                STO-SY =         714.5432     STORAGE                          
                 WEL =     1831239.7822                   WEL =       15708.4508     WEL_0                            
                 RIV =     1276383.0917                   RIV =       10291.9682     RIV_0                            
                RCHA =           0.0000                  RCHA =           0.0000     RCHA_0                           
                EVTA =     1630451.7609                  EVTA =       13411.9707     EVTA_0                           
                 CHD =       34362.5128                   CHD =         194.6099     CHD_0                            

           TOTAL OUT =     4902736.7120             TOTAL OUT =       40332.4543

            IN - OUT =      -1.7176E-02              IN - OUT =      -9.5003E-06

 PERCENT DISCREPANCY =          -0.00     PERCENT DISCREPANCY =          -0.00




         TIME SUMMARY AT END OF TIME STEP    6 IN STRESS PERIOD    4
                    SECONDS     MINUTES      HOURS       DAYS        YEARS
                    -----------------------------------------------------------
   TIME STEP LENGTH 7.54460E+05  12574.      209.57      8.7322     2.39074E-02
 STRESS PERIOD TIME 2.59200E+06  43200.      720.00      30.000     8.21355E-02
         TOTAL TIME 1.03680E+07 1.72800E+05  2880.0      120.00     0.32854    


end timestep


start timestep kper="5" kstp="1" mode="normal"


 BEGIN READING OUTPUT CONTROL FOR STRESS PERIOD 5
      ALL TIME STEPS WILL BE SAVED
      ALL TIME STEPS WILL BE SAVED

 END READING OUTPUT CONTROL FOR STRESS PERIOD 5


 PROCESSING STORAGE PERIOD DATA
 END PROCESSING STORAGE PERIOD DATA


 STRESS PERIOD 5 IS TRANSIENT


 REUSING RIVS FROM LAST STRESS PERIOD

  EVAPOTRANSPIRATION RATE =  0.3459680E-02

 REUSING CHDS FROM LAST STRESS PERIOD
 UBDSV1 SAVING           STO-SS ON UNIT   1017 AT TIME STEP      1, STRESS PERIOD      5
 UBDSV1 SAVING           STO-SY ON UNIT   1017 AT TIME STEP      1, STRESS PERIOD      5
 UBDSV1 SAVING     FLOW-JA-FACE ON UNIT   1017 AT TIME STEP      1, STRESS PERIOD      5
 UBDSV06 SAVING       DATA-SPDIS IN MODEL TR_REDRCH        PACKAGE NPF             CONNECTED TO MODEL TR_REDRCH        PACKAGE NPF              ON UNIT   1017 AT TIME STEP      1, STRESS PERIOD      5
 UBDSV06 SAVING              WEL IN MODEL TR_REDRCH        PACKAGE TR_REDRCH       CONNECTED TO MODEL TR_REDRCH        PACKAGE WEL_0            ON UNIT   1017 AT TIME STEP      1, STRESS PERIOD      5
 UBDSV06 SAVING              RIV IN MODEL TR_REDRCH        PACKAGE TR_REDRCH       CONNECTED TO MODEL TR_REDRCH        PACKAGE RIV_0            ON UNIT   1017 AT TIME STEP      1, STRESS PERIOD      5
 UBDSV06 SAVING             RCHA IN MODEL TR_REDRCH        PACKAGE TR_REDRCH       CONNECTED TO MODEL TR_REDRCH        PACKAGE RCHA_0           ON UNIT   1017 AT TIME STEP      1, STRESS PERIOD      5
 UBDSV06 SAVING            EVTA  IN MODEL TR_REDRCH        PACKAGE TR_REDRCH       CONNECTED TO MODEL TR_REDRCH        PACKAGE EVTA_0           ON UNIT   1017 AT TIME STEP      1, STRESS PERIOD      5
 UBDSV06 SAVING              CHD IN MODEL TR_REDRCH        PACKAGE TR_REDRCH       CONNECTED TO MODEL TR_REDRCH        PACKAGE CHD_0            ON UNIT   1017 AT TIME STEP      1, STRESS PERIOD      5

 HEAD WILL BE SAVED ON UNIT 1018 AT END OF TIME STEP    1, STRESS PERIOD    5

end timestep


start timestep kper="5" kstp="2" mode="normal"

 UBDSV1 SAVING           STO-SS ON UNIT   1017 AT TIME STEP      2, STRESS PERIOD      5
 UBDSV1 SAVING           STO-SY ON UNIT   1017 AT TIME STEP      2, STRESS PERIOD      5
 UBDSV1 SAVING     FLOW-JA-FACE ON UNIT   1017 AT TIME STEP      2, STRESS PERIOD      5
 UBDSV06 SAVING       DATA-SPDIS IN MODEL TR_REDRCH        PACKAGE NPF             CONNECTED TO MODEL TR_REDRCH        PACKAGE NPF              ON UNIT   1017 AT TIME STEP      2, STRESS PERIOD      5
 UBDSV06 SAVING              WEL IN MODEL TR_REDRCH        PACKAGE TR_REDRCH       CONNECTED TO MODEL TR_REDRCH        PACKAGE WEL_0            ON UNIT   1017 AT TIME STEP      2, STRESS PERIOD      5
 UBDSV06 SAVING              RIV IN MODEL TR_REDRCH        PACKAGE TR_REDRCH       CONNECTED TO MODEL TR_REDRCH        PACKAGE RIV_0            ON UNIT   1017 AT TIME STEP      2, STRESS PERIOD      5
 UBDSV06 SAVING             RCHA IN MODEL TR_REDRCH        PACKAGE TR_REDRCH       CONNECTED TO MODEL TR_REDRCH        PACKAGE RCHA_0           ON UNIT   1017 AT TIME STEP      2, STRESS PERIOD      5
 UBDSV06 SAVING            EVTA  IN MODEL TR_REDRCH        PACKAGE TR_REDRCH       CONNECTED TO MODEL TR_REDRCH        PACKAGE EVTA_0           ON UNIT   1017 AT TIME STEP      2, STRESS PERIOD      5
 UBDSV06 SAVING              CHD IN MODEL TR_REDRCH        PACKAGE TR_REDRCH       CONNECTED TO MODEL TR_REDRCH        PACKAGE CHD_0            ON UNIT   1017 AT TIME STEP      2, STRESS PERIOD      5

 HEAD WILL BE SAVED ON UNIT 1018 AT END OF TIME STEP    2, STRESS PERIOD    5

end timestep


start timestep kper="5" kstp="3" mode="normal"

 UBDSV1 SAVING           STO-SS ON UNIT   1017 AT TIME STEP      3, STRESS PERIOD      5
 UBDSV1 SAVING           STO-SY ON UNIT   1017 AT TIME STEP      3, STRESS PERIOD      5
 UBDSV1 SAVING     FLOW-JA-FACE ON UNIT   1017 AT TIME STEP      3, STRESS PERIOD      5
 UBDSV06 SAVING       DATA-SPDIS IN MODEL TR_REDRCH        PACKAGE NPF             CONNECTED TO MODEL TR_REDRCH        PACKAGE NPF              ON UNIT   1017 AT TIME STEP      3, STRESS PERIOD      5
 UBDSV06 SAVING              WEL IN MODEL TR_REDRCH        PACKAGE TR_REDRCH       CONNECTED TO MODEL TR_REDRCH        PACKAGE WEL_0            ON UNIT   1017 AT TIME STEP      3, STRESS PERIOD      5
 UBDSV06 SAVING              RIV IN MODEL TR_REDRCH        PACKAGE TR_REDRCH       CONNECTED TO MODEL TR_REDRCH        PACKAGE RIV_0            ON UNIT   1017 AT TIME STEP      3, STRESS PERIOD      5
 UBDSV06 SAVING             RCHA IN MODEL TR_REDRCH        PACKAGE TR_REDRCH       CONNECTED TO MODEL TR_REDRCH        PACKAGE RCHA_0           ON UNIT   1017 AT TIME STEP      3, STRESS PERIOD      5
 UBDSV06 SAVING            EVTA  IN MODEL TR_REDRCH        PACKAGE TR_REDRCH       CONNECTED TO MODEL TR_REDRCH        PACKAGE EVTA_0           ON UNIT   1017 AT TIME STEP      3, STRESS PERIOD      5
 UBDSV06 SAVING              CHD IN MODEL TR_REDRCH        PACKAGE TR_REDRCH       CONNECTED TO MODEL TR_REDRCH        PACKAGE CHD_0            ON UNIT   1017 AT TIME STEP      3, STRESS PERIOD      5

 HEAD WILL BE SAVED ON UNIT 1018 AT END OF TIME STEP    3, STRESS PERIOD    5

end timestep


start timestep kper="5" kstp="4" mode="normal"

 UBDSV1 SAVING           STO-SS ON UNIT   1017 AT TIME STEP      4, STRESS PERIOD      5
 UBDSV1 SAVING           STO-SY ON UNIT   1017 AT TIME STEP      4, STRESS PERIOD      5
 UBDSV1 SAVING     FLOW-JA-FACE ON UNIT   1017 AT TIME STEP      4, STRESS PERIOD      5
 UBDSV06 SAVING       DATA-SPDIS IN MODEL TR_REDRCH        PACKAGE NPF             CONNECTED TO MODEL TR_REDRCH        PACKAGE NPF              ON UNIT   1017 AT TIME STEP      4, STRESS PERIOD      5
 UBDSV06 SAVING              WEL IN MODEL TR_REDRCH        PACKAGE TR_REDRCH       CONNECTED TO MODEL TR_REDRCH        PACKAGE WEL_0            ON UNIT   1017 AT TIME STEP      4, STRESS PERIOD      5
 UBDSV06 SAVING              RIV IN MODEL TR_REDRCH        PACKAGE TR_REDRCH       CONNECTED TO MODEL TR_REDRCH        PACKAGE RIV_0            ON UNIT   1017 AT TIME STEP      4, STRESS PERIOD      5
 UBDSV06 SAVING             RCHA IN MODEL TR_REDRCH        PACKAGE TR_REDRCH       CONNECTED TO MODEL TR_REDRCH        PACKAGE RCHA_0           ON UNIT   1017 AT TIME STEP      4, STRESS PERIOD      5
 UBDSV06 SAVING            EVTA  IN MODEL TR_REDRCH        PACKAGE TR_REDRCH       CONNECTED TO MODEL TR_REDRCH        PACKAGE EVTA_0           ON UNIT   1017 AT TIME STEP      4, STRESS PERIOD      5
 UBDSV06 SAVING              CHD IN MODEL TR_REDRCH        PACKAGE TR_REDRCH       CONNECTED TO MODEL TR_REDRCH        PACKAGE CHD_0            ON UNIT   1017 AT TIME STEP      4, STRESS PERIOD      5

 HEAD WILL BE SAVED ON UNIT 1018 AT END OF TIME STEP    4, STRESS PERIOD    5

end timestep


start timestep kper="5" kstp="5" mode="normal"

 UBDSV1 SAVING           STO-SS ON UNIT   1017 AT TIME STEP      5, STRESS PERIOD      5
 UBDSV1 SAVING           STO-SY ON UNIT   1017 AT TIME STEP      5, STRESS PERIOD      5
 UBDSV1 SAVING     FLOW-JA-FACE ON UNIT   1017 AT TIME STEP      5, STRESS PERIOD      5
 UBDSV06 SAVING       DATA-SPDIS IN MODEL TR_REDRCH        PACKAGE NPF             CONNECTED TO MODEL TR_REDRCH        PACKAGE NPF              ON UNIT   1017 AT TIME STEP      5, STRESS PERIOD      5
 UBDSV06 SAVING              WEL IN MODEL TR_REDRCH        PACKAGE TR_REDRCH       CONNECTED TO MODEL TR_REDRCH        PACKAGE WEL_0            ON UNIT   1017 AT TIME STEP      5, STRESS PERIOD      5
 UBDSV06 SAVING              RIV IN MODEL TR_REDRCH        PACKAGE TR_REDRCH       CONNECTED TO MODEL TR_REDRCH        PACKAGE RIV_0            ON UNIT   1017 AT TIME STEP      5, STRESS PERIOD      5
 UBDSV06 SAVING             RCHA IN MODEL TR_REDRCH        PACKAGE TR_REDRCH       CONNECTED TO MODEL TR_REDRCH        PACKAGE RCHA_0           ON UNIT   1017 AT TIME STEP      5, STRESS PERIOD      5
 UBDSV06 SAVING            EVTA  IN MODEL TR_REDRCH        PACKAGE TR_REDRCH       CONNECTED TO MODEL TR_REDRCH        PACKAGE EVTA_0           ON UNIT   1017 AT TIME STEP      5, STRESS PERIOD      5
 UBDSV06 SAVING              CHD IN MODEL TR_REDRCH        PACKAGE TR_REDRCH       CONNECTED TO MODEL TR_REDRCH        PACKAGE CHD_0            ON UNIT   1017 AT TIME STEP      5, STRESS PERIOD      5

 HEAD WILL BE SAVED ON UNIT 1018 AT END OF TIME STEP    5, STRESS PERIOD    5

end timestep


start timestep kper="5" kstp="6" mode="normal"

 UBDSV1 SAVING           STO-SS ON UNIT   1017 AT TIME STEP      6, STRESS PERIOD      5
 UBDSV1 SAVING           STO-SY ON UNIT   1017 AT TIME STEP      6, STRESS PERIOD      5
 UBDSV1 SAVING     FLOW-JA-FACE ON UNIT   1017 AT TIME STEP      6, STRESS PERIOD      5
 UBDSV06 SAVING       DATA-SPDIS IN MODEL TR_REDRCH        PACKAGE NPF             CONNECTED TO MODEL TR_REDRCH        PACKAGE NPF              ON UNIT   1017 AT TIME STEP      6, STRESS PERIOD      5
 UBDSV06 SAVING              WEL IN MODEL TR_REDRCH        PACKAGE TR_REDRCH       CONNECTED TO MODEL TR_REDRCH        PACKAGE WEL_0            ON UNIT   1017 AT TIME STEP      6, STRESS PERIOD      5
 UBDSV06 SAVING              RIV IN MODEL TR_REDRCH        PACKAGE TR_REDRCH       CONNECTED TO MODEL TR_REDRCH        PACKAGE RIV_0            ON UNIT   1017 AT TIME STEP      6, STRESS PERIOD      5
 UBDSV06 SAVING             RCHA IN MODEL TR_REDRCH        PACKAGE TR_REDRCH       CONNECTED TO MODEL TR_REDRCH        PACKAGE RCHA_0           ON UNIT   1017 AT TIME STEP      6, STRESS PERIOD      5
 UBDSV06 SAVING            EVTA  IN MODEL TR_REDRCH        PACKAGE TR_REDRCH       CONNECTED TO MODEL TR_REDRCH        PACKAGE EVTA_0           ON UNIT   1017 AT TIME STEP      6, STRESS PERIOD      5
 UBDSV06 SAVING              CHD IN MODEL TR_REDRCH        PACKAGE TR_REDRCH       CONNECTED TO MODEL TR_REDRCH        PACKAGE CHD_0            ON UNIT   1017 AT TIME STEP      6, STRESS PERIOD      5

 HEAD WILL BE SAVED ON UNIT 1018 AT END OF TIME STEP    6, STRESS PERIOD    5


  VOLUME BUDGET FOR ENTIRE MODEL AT END OF TIME STEP    6, STRESS PERIOD   5
  ---------------------------------------------------------------------------------------------------

     CUMULATIVE VOLUME      L**3       RATES FOR THIS TIME STEP      L**3/T          PACKAGE NAME    
     ------------------                 ------------------------                     ----------------

           IN:                                      IN:
           ---                                      ---
              STO-SS =       89758.8611                STO-SS =         138.2963     STORAGE                          
              STO-SY =     3788348.6044                STO-SY =        8320.1444     STORAGE                          
                 WEL =           0.0000                   WEL =           0.0000     WEL_0                            
                 RIV =       44970.9126                   RIV =         341.6378     RIV_0                            
                RCHA =      681766.3893                  RCHA =       18111.4411     RCHA_0                           
                EVTA =           0.0000                  EVTA =           0.0000     EVTA_0                           
                 CHD =     1465366.9888                   CHD =       10166.5406     CHD_0                            

            TOTAL IN =     6070211.7561              TOTAL IN =       37078.0601

          OUT:                                     OUT:
          ----                                     ----
              STO-SS =       14907.7083                STO-SS =          60.8474     STORAGE                          
              STO-SY =      177157.5483                STO-SY =        1362.9302     STORAGE                          
                 WEL =     2236409.4650                   WEL =       13095.3964     WEL_0                            
                 RIV =     1600302.9517                   RIV =       10479.6032     RIV_0                            
                RCHA =           0.0000                  RCHA =           0.0000     RCHA_0                           
                EVTA =     2000741.5738                  EVTA =       11871.4978     EVTA_0                           
                 CHD =       40692.5247                   CHD =         207.7845     CHD_0                            

           TOTAL OUT =     6070211.7718             TOTAL OUT =       37078.0595

            IN - OUT =      -1.5637E-02              IN - OUT =       6.3317E-04

 PERCENT DISCREPANCY =          -0.00     PERCENT DISCREPANCY =           0.00




         TIME SUMMARY AT END OF TIME STEP    6 IN STRESS PERIOD    5
                    SECONDS     MINUTES      HOURS       DAYS        YEARS
                    -----------------------------------------------------------
   TIME STEP LENGTH 7.79609E+05  12993.      216.56      9.0232     2.47043E-02
 STRESS PERIOD TIME 2.67840E+06  44640.      744.00      31.000     8.48734E-02
         TOTAL TIME 1.30464E+07 2.17440E+05  3624.0      151.00     0.41342    


end timestep


start timestep kper="6" kstp="1" mode="normal"


 BEGIN READING OUTPUT CONTROL FOR STRESS PERIOD 6
      ALL TIME STEPS WILL BE SAVED
      ALL TIME STEPS WILL BE SAVED

 END READING OUTPUT CONTROL FOR STRESS PERIOD 6


 PROCESSING STORAGE PERIOD DATA
 END PROCESSING STORAGE PERIOD DATA


 STRESS PERIOD 6 IS TRANSIENT


 REUSING RIVS FROM LAST STRESS PERIOD

  EVAPOTRANSPIRATION RATE =  0.2750000E-02

 REUSING CHDS FROM LAST STRESS PERIOD
 UBDSV1 SAVING           STO-SS ON UNIT   1017 AT TIME STEP      1, STRESS PERIOD      6
 UBDSV1 SAVING           STO-SY ON UNIT   1017 AT TIME STEP      1, STRESS PERIOD      6
 UBDSV1 SAVING     FLOW-JA-FACE ON UNIT   1017 AT TIME STEP      1, STRESS PERIOD      6
 UBDSV06 SAVING       DATA-SPDIS IN MODEL TR_REDRCH        PACKAGE NPF             CONNECTED TO MODEL TR_REDRCH        PACKAGE NPF              ON UNIT   1017 AT TIME STEP      1, STRESS PERIOD      6
 UBDSV06 SAVING              WEL IN MODEL TR_REDRCH        PACKAGE TR_REDRCH       CONNECTED TO MODEL TR_REDRCH        PACKAGE WEL_0            ON UNIT   1017 AT TIME STEP      1, STRESS PERIOD      6
 UBDSV06 SAVING              RIV IN MODEL TR_REDRCH        PACKAGE TR_REDRCH       CONNECTED TO MODEL TR_REDRCH        PACKAGE RIV_0            ON UNIT   1017 AT TIME STEP      1, STRESS PERIOD      6
 UBDSV06 SAVING             RCHA IN MODEL TR_REDRCH        PACKAGE TR_REDRCH       CONNECTED TO MODEL TR_REDRCH        PACKAGE RCHA_0           ON UNIT   1017 AT TIME STEP      1, STRESS PERIOD      6
 UBDSV06 SAVING            EVTA  IN MODEL TR_REDRCH        PACKAGE TR_REDRCH       CONNECTED TO MODEL TR_REDRCH        PACKAGE EVTA_0           ON UNIT   1017 AT TIME STEP      1, STRESS PERIOD      6
 UBDSV06 SAVING              CHD IN MODEL TR_REDRCH        PACKAGE TR_REDRCH       CONNECTED TO MODEL TR_REDRCH        PACKAGE CHD_0            ON UNIT   1017 AT TIME STEP      1, STRESS PERIOD      6

 HEAD WILL BE SAVED ON UNIT 1018 AT END OF TIME STEP    1, STRESS PERIOD    6

end timestep


start timestep kper="6" kstp="2" mode="normal"

 UBDSV1 SAVING           STO-SS ON UNIT   1017 AT TIME STEP      2, STRESS PERIOD      6
 UBDSV1 SAVING           STO-SY ON UNIT   1017 AT TIME STEP      2, STRESS PERIOD      6
 UBDSV1 SAVING     FLOW-JA-FACE ON UNIT   1017 AT TIME STEP      2, STRESS PERIOD      6
 UBDSV06 SAVING       DATA-SPDIS IN MODEL TR_REDRCH        PACKAGE NPF             CONNECTED TO MODEL TR_REDRCH        PACKAGE NPF              ON UNIT   1017 AT TIME STEP      2, STRESS PERIOD      6
 UBDSV06 SAVING              WEL IN MODEL TR_REDRCH        PACKAGE TR_REDRCH       CONNECTED TO MODEL TR_REDRCH        PACKAGE WEL_0            ON UNIT   1017 AT TIME STEP      2, STRESS PERIOD      6
 UBDSV06 SAVING              RIV IN MODEL TR_REDRCH        PACKAGE TR_REDRCH       CONNECTED TO MODEL TR_REDRCH        PACKAGE RIV_0            ON UNIT   1017 AT TIME STEP      2, STRESS PERIOD      6
 UBDSV06 SAVING             RCHA IN MODEL TR_REDRCH        PACKAGE TR_REDRCH       CONNECTED TO MODEL TR_REDRCH        PACKAGE RCHA_0           ON UNIT   1017 AT TIME STEP      2, STRESS PERIOD      6
 UBDSV06 SAVING            EVTA  IN MODEL TR_REDRCH        PACKAGE TR_REDRCH       CONNECTED TO MODEL TR_REDRCH        PACKAGE EVTA_0           ON UNIT   1017 AT TIME STEP      2, STRESS PERIOD      6
 UBDSV06 SAVING              CHD IN MODEL TR_REDRCH        PACKAGE TR_REDRCH       CONNECTED TO MODEL TR_REDRCH        PACKAGE CHD_0            ON UNIT   1017 AT TIME STEP      2, STRESS PERIOD      6

 HEAD WILL BE SAVED ON UNIT 1018 AT END OF TIME STEP    2, STRESS PERIOD    6

end timestep


start timestep kper="6" kstp="3" mode="normal"

 UBDSV1 SAVING           STO-SS ON UNIT   1017 AT TIME STEP      3, STRESS PERIOD      6
 UBDSV1 SAVING           STO-SY ON UNIT   1017 AT TIME STEP      3, STRESS PERIOD      6
 UBDSV1 SAVING     FLOW-JA-FACE ON UNIT   1017 AT TIME STEP      3, STRESS PERIOD      6
 UBDSV06 SAVING       DATA-SPDIS IN MODEL TR_REDRCH        PACKAGE NPF             CONNECTED TO MODEL TR_REDRCH        PACKAGE NPF              ON UNIT   1017 AT TIME STEP      3, STRESS PERIOD      6
 UBDSV06 SAVING              WEL IN MODEL TR_REDRCH        PACKAGE TR_REDRCH       CONNECTED TO MODEL TR_REDRCH        PACKAGE WEL_0            ON UNIT   1017 AT TIME STEP      3, STRESS PERIOD      6
 UBDSV06 SAVING              RIV IN MODEL TR_REDRCH        PACKAGE TR_REDRCH       CONNECTED TO MODEL TR_REDRCH        PACKAGE RIV_0            ON UNIT   1017 AT TIME STEP      3, STRESS PERIOD      6
 UBDSV06 SAVING             RCHA IN MODEL TR_REDRCH        PACKAGE TR_REDRCH       CONNECTED TO MODEL TR_REDRCH        PACKAGE RCHA_0           ON UNIT   1017 AT TIME STEP      3, STRESS PERIOD      6
 UBDSV06 SAVING            EVTA  IN MODEL TR_REDRCH        PACKAGE TR_REDRCH       CONNECTED TO MODEL TR_REDRCH        PACKAGE EVTA_0           ON UNIT   1017 AT TIME STEP      3, STRESS PERIOD      6
 UBDSV06 SAVING              CHD IN MODEL TR_REDRCH        PACKAGE TR_REDRCH       CONNECTED TO MODEL TR_REDRCH        PACKAGE CHD_0            ON UNIT   1017 AT TIME STEP      3, STRESS PERIOD      6

 HEAD WILL BE SAVED ON UNIT 1018 AT END OF TIME STEP    3, STRESS PERIOD    6

end timestep


start timestep kper="6" kstp="4" mode="normal"

 UBDSV1 SAVING           STO-SS ON UNIT   1017 AT TIME STEP      4, STRESS PERIOD      6
 UBDSV1 SAVING           STO-SY ON UNIT   1017 AT TIME STEP      4, STRESS PERIOD      6
 UBDSV1 SAVING     FLOW-JA-FACE ON UNIT   1017 AT TIME STEP      4, STRESS PERIOD      6
 UBDSV06 SAVING       DATA-SPDIS IN MODEL TR_REDRCH        PACKAGE NPF             CONNECTED TO MODEL TR_REDRCH        PACKAGE NPF              ON UNIT   1017 AT TIME STEP      4, STRESS PERIOD      6
 UBDSV06 SAVING              WEL IN MODEL TR_REDRCH        PACKAGE TR_REDRCH       CONNECTED TO MODEL TR_REDRCH        PACKAGE WEL_0            ON UNIT   1017 AT TIME STEP      4, STRESS PERIOD      6
 UBDSV06 SAVING              RIV IN MODEL TR_REDRCH        PACKAGE TR_REDRCH       CONNECTED TO MODEL TR_REDRCH        PACKAGE RIV_0            ON UNIT   1017 AT TIME STEP      4, STRESS PERIOD      6
 UBDSV06 SAVING             RCHA IN MODEL TR_REDRCH        PACKAGE TR_REDRCH       CONNECTED TO MODEL TR_REDRCH        PACKAGE RCHA_0           ON UNIT   1017 AT TIME STEP      4, STRESS PERIOD      6
 UBDSV06 SAVING            EVTA  IN MODEL TR_REDRCH        PACKAGE TR_REDRCH       CONNECTED TO MODEL TR_REDRCH        PACKAGE EVTA_0           ON UNIT   1017 AT TIME STEP      4, STRESS PERIOD      6
 UBDSV06 SAVING              CHD IN MODEL TR_REDRCH        PACKAGE TR_REDRCH       CONNECTED TO MODEL TR_REDRCH        PACKAGE CHD_0            ON UNIT   1017 AT TIME STEP      4, STRESS PERIOD      6

 HEAD WILL BE SAVED ON UNIT 1018 AT END OF TIME STEP    4, STRESS PERIOD    6

end timestep


start timestep kper="6" kstp="5" mode="normal"

 UBDSV1 SAVING           STO-SS ON UNIT   1017 AT TIME STEP      5, STRESS PERIOD      6
 UBDSV1 SAVING           STO-SY ON UNIT   1017 AT TIME STEP      5, STRESS PERIOD      6
 UBDSV1 SAVING     FLOW-JA-FACE ON UNIT   1017 AT TIME STEP      5, STRESS PERIOD      6
 UBDSV06 SAVING       DATA-SPDIS IN MODEL TR_REDRCH        PACKAGE NPF             CONNECTED TO MODEL TR_REDRCH        PACKAGE NPF              ON UNIT   1017 AT TIME STEP      5, STRESS PERIOD      6
 UBDSV06 SAVING              WEL IN MODEL TR_REDRCH        PACKAGE TR_REDRCH       CONNECTED TO MODEL TR_REDRCH        PACKAGE WEL_0            ON UNIT   1017 AT TIME STEP      5, STRESS PERIOD      6
 UBDSV06 SAVING              RIV IN MODEL TR_REDRCH        PACKAGE TR_REDRCH       CONNECTED TO MODEL TR_REDRCH        PACKAGE RIV_0            ON UNIT   1017 AT TIME STEP      5, STRESS PERIOD      6
 UBDSV06 SAVING             RCHA IN MODEL TR_REDRCH        PACKAGE TR_REDRCH       CONNECTED TO MODEL TR_REDRCH        PACKAGE RCHA_0           ON UNIT   1017 AT TIME STEP      5, STRESS PERIOD      6
 UBDSV06 SAVING            EVTA  IN MODEL TR_REDRCH        PACKAGE TR_REDRCH       CONNECTED TO MODEL TR_REDRCH        PACKAGE EVTA_0           ON UNIT   1017 AT TIME STEP      5, STRESS PERIOD      6
 UBDSV06 SAVING              CHD IN MODEL TR_REDRCH        PACKAGE TR_REDRCH       CONNECTED TO MODEL TR_REDRCH        PACKAGE CHD_0            ON UNIT   1017 AT TIME STEP      5, STRESS PERIOD      6

 HEAD WILL BE SAVED ON UNIT 1018 AT END OF TIME STEP    5, STRESS PERIOD    6

end timestep


start timestep kper="6" kstp="6" mode="normal"

 UBDSV1 SAVING           STO-SS ON UNIT   1017 AT TIME STEP      6, STRESS PERIOD      6
 UBDSV1 SAVING           STO-SY ON UNIT   1017 AT TIME STEP      6, STRESS PERIOD      6
 UBDSV1 SAVING     FLOW-JA-FACE ON UNIT   1017 AT TIME STEP      6, STRESS PERIOD      6
 UBDSV06 SAVING       DATA-SPDIS IN MODEL TR_REDRCH        PACKAGE NPF             CONNECTED TO MODEL TR_REDRCH        PACKAGE NPF              ON UNIT   1017 AT TIME STEP      6, STRESS PERIOD      6
 UBDSV06 SAVING              WEL IN MODEL TR_REDRCH        PACKAGE TR_REDRCH       CONNECTED TO MODEL TR_REDRCH        PACKAGE WEL_0            ON UNIT   1017 AT TIME STEP      6, STRESS PERIOD      6
 UBDSV06 SAVING              RIV IN MODEL TR_REDRCH        PACKAGE TR_REDRCH       CONNECTED TO MODEL TR_REDRCH        PACKAGE RIV_0            ON UNIT   1017 AT TIME STEP      6, STRESS PERIOD      6
 UBDSV06 SAVING             RCHA IN MODEL TR_REDRCH        PACKAGE TR_REDRCH       CONNECTED TO MODEL TR_REDRCH        PACKAGE RCHA_0           ON UNIT   1017 AT TIME STEP      6, STRESS PERIOD      6
 UBDSV06 SAVING            EVTA  IN MODEL TR_REDRCH        PACKAGE TR_REDRCH       CONNECTED TO MODEL TR_REDRCH        PACKAGE EVTA_0           ON UNIT   1017 AT TIME STEP      6, STRESS PERIOD      6
 UBDSV06 SAVING              CHD IN MODEL TR_REDRCH        PACKAGE TR_REDRCH       CONNECTED TO MODEL TR_REDRCH        PACKAGE CHD_0            ON UNIT   1017 AT TIME STEP      6, STRESS PERIOD      6

 HEAD WILL BE SAVED ON UNIT 1018 AT END OF TIME STEP    6, STRESS PERIOD    6


  VOLUME BUDGET FOR ENTIRE MODEL AT END OF TIME STEP    6, STRESS PERIOD   6
  ---------------------------------------------------------------------------------------------------

     CUMULATIVE VOLUME      L**3       RATES FOR THIS TIME STEP      L**3/T          PACKAGE NAME    
     ------------------                 ------------------------                     ----------------

           IN:                                      IN:
           ---                                      ---
              STO-SS =       89830.3675                STO-SS =           0.8214     STORAGE                          
              STO-SY =     3799573.3619                STO-SY =         166.6452     STORAGE                          
                 WEL =           0.0000                   WEL =           0.0000     WEL_0                            
                 RIV =       54567.5777                   RIV =         309.1261     RIV_0                            
                RCHA =     1644260.1153                  RCHA =       32083.1242     RCHA_0                           
                EVTA =           0.0000                  EVTA =           0.0000     EVTA_0                           
                 CHD =     1759904.9316                   CHD =        9652.8533     CHD_0                            

            TOTAL IN =     7348136.3539              TOTAL IN =       42212.5702

          OUT:                                     OUT:
          ----                                     ----
              STO-SS =       38522.7149                STO-SS =         319.3546     STORAGE                          
              STO-SY =      545194.9468                STO-SY =       12022.2530     STORAGE                          
                 WEL =     2501216.0711                   WEL =        8863.3160     WEL_0                            
                 RIV =     1922084.7209                   RIV =       10812.4940     RIV_0                            
                RCHA =           0.0000                  RCHA =           0.0000     RCHA_0                           
                EVTA =     2293081.2845                  EVTA =        9931.2851     EVTA_0                           
                 CHD =       48036.6373                   CHD =         263.8679     CHD_0                            

           TOTAL OUT =     7348136.3756             TOTAL OUT =       42212.5706

            IN - OUT =      -2.1635E-02              IN - OUT =      -3.9067E-04

 PERCENT DISCREPANCY =          -0.00     PERCENT DISCREPANCY =          -0.00




         TIME SUMMARY AT END OF TIME STEP    6 IN STRESS PERIOD    6
                    SECONDS     MINUTES      HOURS       DAYS        YEARS
                    -----------------------------------------------------------
   TIME STEP LENGTH 7.54460E+05  12574.      209.57      8.7322     2.39074E-02
 STRESS PERIOD TIME 2.59200E+06  43200.      720.00      30.000     8.21355E-02
         TOTAL TIME 1.56384E+07 2.60640E+05  4344.0      181.00     0.49555    


end timestep


start timestep kper="7" kstp="1" mode="normal"


 BEGIN READING OUTPUT CONTROL FOR STRESS PERIOD 7
      ALL TIME STEPS WILL BE SAVED
      ALL TIME STEPS WILL BE SAVED

 END READING OUTPUT CONTROL FOR STRESS PERIOD 7


 PROCESSING STORAGE PERIOD DATA
 END PROCESSING STORAGE PERIOD DATA


 STRESS PERIOD 7 IS TRANSIENT


 REUSING RIVS FROM LAST STRESS PERIOD

  EVAPOTRANSPIRATION RATE =  0.2306450E-02

 REUSING CHDS FROM LAST STRESS PERIOD
 UBDSV1 SAVING           STO-SS ON UNIT   1017 AT TIME STEP      1, STRESS PERIOD      7
 UBDSV1 SAVING           STO-SY ON UNIT   1017 AT TIME STEP      1, STRESS PERIOD      7
 UBDSV1 SAVING     FLOW-JA-FACE ON UNIT   1017 AT TIME STEP      1, STRESS PERIOD      7
 UBDSV06 SAVING       DATA-SPDIS IN MODEL TR_REDRCH        PACKAGE NPF             CONNECTED TO MODEL TR_REDRCH        PACKAGE NPF              ON UNIT   1017 AT TIME STEP      1, STRESS PERIOD      7
 UBDSV06 SAVING              WEL IN MODEL TR_REDRCH        PACKAGE TR_REDRCH       CONNECTED TO MODEL TR_REDRCH        PACKAGE WEL_0            ON UNIT   1017 AT TIME STEP      1, STRESS PERIOD      7
 UBDSV06 SAVING              RIV IN MODEL TR_REDRCH        PACKAGE TR_REDRCH       CONNECTED TO MODEL TR_REDRCH        PACKAGE RIV_0            ON UNIT   1017 AT TIME STEP      1, STRESS PERIOD      7
 UBDSV06 SAVING             RCHA IN MODEL TR_REDRCH        PACKAGE TR_REDRCH       CONNECTED TO MODEL TR_REDRCH        PACKAGE RCHA_0           ON UNIT   1017 AT TIME STEP      1, STRESS PERIOD      7
 UBDSV06 SAVING            EVTA  IN MODEL TR_REDRCH        PACKAGE TR_REDRCH       CONNECTED TO MODEL TR_REDRCH        PACKAGE EVTA_0           ON UNIT   1017 AT TIME STEP      1, STRESS PERIOD      7
 UBDSV06 SAVING              CHD IN MODEL TR_REDRCH        PACKAGE TR_REDRCH       CONNECTED TO MODEL TR_REDRCH        PACKAGE CHD_0            ON UNIT   1017 AT TIME STEP      1, STRESS PERIOD      7

 HEAD WILL BE SAVED ON UNIT 1018 AT END OF TIME STEP    1, STRESS PERIOD    7

end timestep


start timestep kper="7" kstp="2" mode="normal"

 UBDSV1 SAVING           STO-SS ON UNIT   1017 AT TIME STEP      2, STRESS PERIOD      7
 UBDSV1 SAVING           STO-SY ON UNIT   1017 AT TIME STEP      2, STRESS PERIOD      7
 UBDSV1 SAVING     FLOW-JA-FACE ON UNIT   1017 AT TIME STEP      2, STRESS PERIOD      7
 UBDSV06 SAVING       DATA-SPDIS IN MODEL TR_REDRCH        PACKAGE NPF             CONNECTED TO MODEL TR_REDRCH        PACKAGE NPF              ON UNIT   1017 AT TIME STEP      2, STRESS PERIOD      7
 UBDSV06 SAVING              WEL IN MODEL TR_REDRCH        PACKAGE TR_REDRCH       CONNECTED TO MODEL TR_REDRCH        PACKAGE WEL_0            ON UNIT   1017 AT TIME STEP      2, STRESS PERIOD      7
 UBDSV06 SAVING              RIV IN MODEL TR_REDRCH        PACKAGE TR_REDRCH       CONNECTED TO MODEL TR_REDRCH        PACKAGE RIV_0            ON UNIT   1017 AT TIME STEP      2, STRESS PERIOD      7
 UBDSV06 SAVING             RCHA IN MODEL TR_REDRCH        PACKAGE TR_REDRCH       CONNECTED TO MODEL TR_REDRCH        PACKAGE RCHA_0           ON UNIT   1017 AT TIME STEP      2, STRESS PERIOD      7
 UBDSV06 SAVING            EVTA  IN MODEL TR_REDRCH        PACKAGE TR_REDRCH       CONNECTED TO MODEL TR_REDRCH        PACKAGE EVTA_0           ON UNIT   1017 AT TIME STEP      2, STRESS PERIOD      7
 UBDSV06 SAVING              CHD IN MODEL TR_REDRCH        PACKAGE TR_REDRCH       CONNECTED TO MODEL TR_REDRCH        PACKAGE CHD_0            ON UNIT   1017 AT TIME STEP      2, STRESS PERIOD      7

 HEAD WILL BE SAVED ON UNIT 1018 AT END OF TIME STEP    2, STRESS PERIOD    7

end timestep


start timestep kper="7" kstp="3" mode="normal"

 UBDSV1 SAVING           STO-SS ON UNIT   1017 AT TIME STEP      3, STRESS PERIOD      7
 UBDSV1 SAVING           STO-SY ON UNIT   1017 AT TIME STEP      3, STRESS PERIOD      7
 UBDSV1 SAVING     FLOW-JA-FACE ON UNIT   1017 AT TIME STEP      3, STRESS PERIOD      7
 UBDSV06 SAVING       DATA-SPDIS IN MODEL TR_REDRCH        PACKAGE NPF             CONNECTED TO MODEL TR_REDRCH        PACKAGE NPF              ON UNIT   1017 AT TIME STEP      3, STRESS PERIOD      7
 UBDSV06 SAVING              WEL IN MODEL TR_REDRCH        PACKAGE TR_REDRCH       CONNECTED TO MODEL TR_REDRCH        PACKAGE WEL_0            ON UNIT   1017 AT TIME STEP      3, STRESS PERIOD      7
 UBDSV06 SAVING              RIV IN MODEL TR_REDRCH        PACKAGE TR_REDRCH       CONNECTED TO MODEL TR_REDRCH        PACKAGE RIV_0            ON UNIT   1017 AT TIME STEP      3, STRESS PERIOD      7
 UBDSV06 SAVING             RCHA IN MODEL TR_REDRCH        PACKAGE TR_REDRCH       CONNECTED TO MODEL TR_REDRCH        PACKAGE RCHA_0           ON UNIT   1017 AT TIME STEP      3, STRESS PERIOD      7
 UBDSV06 SAVING            EVTA  IN MODEL TR_REDRCH        PACKAGE TR_REDRCH       CONNECTED TO MODEL TR_REDRCH        PACKAGE EVTA_0           ON UNIT   1017 AT TIME STEP      3, STRESS PERIOD      7
 UBDSV06 SAVING              CHD IN MODEL TR_REDRCH        PACKAGE TR_REDRCH       CONNECTED TO MODEL TR_REDRCH        PACKAGE CHD_0            ON UNIT   1017 AT TIME STEP      3, STRESS PERIOD      7

 HEAD WILL BE SAVED ON UNIT 1018 AT END OF TIME STEP    3, STRESS PERIOD    7

end timestep


start timestep kper="7" kstp="4" mode="normal"

 UBDSV1 SAVING           STO-SS ON UNIT   1017 AT TIME STEP      4, STRESS PERIOD      7
 UBDSV1 SAVING           STO-SY ON UNIT   1017 AT TIME STEP      4, STRESS PERIOD      7
 UBDSV1 SAVING     FLOW-JA-FACE ON UNIT   1017 AT TIME STEP      4, STRESS PERIOD      7
 UBDSV06 SAVING       DATA-SPDIS IN MODEL TR_REDRCH        PACKAGE NPF             CONNECTED TO MODEL TR_REDRCH        PACKAGE NPF              ON UNIT   1017 AT TIME STEP      4, STRESS PERIOD      7
 UBDSV06 SAVING              WEL IN MODEL TR_REDRCH        PACKAGE TR_REDRCH       CONNECTED TO MODEL TR_REDRCH        PACKAGE WEL_0            ON UNIT   1017 AT TIME STEP      4, STRESS PERIOD      7
 UBDSV06 SAVING              RIV IN MODEL TR_REDRCH        PACKAGE TR_REDRCH       CONNECTED TO MODEL TR_REDRCH        PACKAGE RIV_0            ON UNIT   1017 AT TIME STEP      4, STRESS PERIOD      7
 UBDSV06 SAVING             RCHA IN MODEL TR_REDRCH        PACKAGE TR_REDRCH       CONNECTED TO MODEL TR_REDRCH        PACKAGE RCHA_0           ON UNIT   1017 AT TIME STEP      4, STRESS PERIOD      7
 UBDSV06 SAVING            EVTA  IN MODEL TR_REDRCH        PACKAGE TR_REDRCH       CONNECTED TO MODEL TR_REDRCH        PACKAGE EVTA_0           ON UNIT   1017 AT TIME STEP      4, STRESS PERIOD      7
 UBDSV06 SAVING              CHD IN MODEL TR_REDRCH        PACKAGE TR_REDRCH       CONNECTED TO MODEL TR_REDRCH        PACKAGE CHD_0            ON UNIT   1017 AT TIME STEP      4, STRESS PERIOD      7

 HEAD WILL BE SAVED ON UNIT 1018 AT END OF TIME STEP    4, STRESS PERIOD    7

end timestep


start timestep kper="7" kstp="5" mode="normal"

 UBDSV1 SAVING           STO-SS ON UNIT   1017 AT TIME STEP      5, STRESS PERIOD      7
 UBDSV1 SAVING           STO-SY ON UNIT   1017 AT TIME STEP      5, STRESS PERIOD      7
 UBDSV1 SAVING     FLOW-JA-FACE ON UNIT   1017 AT TIME STEP      5, STRESS PERIOD      7
 UBDSV06 SAVING       DATA-SPDIS IN MODEL TR_REDRCH        PACKAGE NPF             CONNECTED TO MODEL TR_REDRCH        PACKAGE NPF              ON UNIT   1017 AT TIME STEP      5, STRESS PERIOD      7
 UBDSV06 SAVING              WEL IN MODEL TR_REDRCH        PACKAGE TR_REDRCH       CONNECTED TO MODEL TR_REDRCH        PACKAGE WEL_0            ON UNIT   1017 AT TIME STEP      5, STRESS PERIOD      7
 UBDSV06 SAVING              RIV IN MODEL TR_REDRCH        PACKAGE TR_REDRCH       CONNECTED TO MODEL TR_REDRCH        PACKAGE RIV_0            ON UNIT   1017 AT TIME STEP      5, STRESS PERIOD      7
 UBDSV06 SAVING             RCHA IN MODEL TR_REDRCH        PACKAGE TR_REDRCH       CONNECTED TO MODEL TR_REDRCH        PACKAGE RCHA_0           ON UNIT   1017 AT TIME STEP      5, STRESS PERIOD      7
 UBDSV06 SAVING            EVTA  IN MODEL TR_REDRCH        PACKAGE TR_REDRCH       CONNECTED TO MODEL TR_REDRCH        PACKAGE EVTA_0           ON UNIT   1017 AT TIME STEP      5, STRESS PERIOD      7
 UBDSV06 SAVING              CHD IN MODEL TR_REDRCH        PACKAGE TR_REDRCH       CONNECTED TO MODEL TR_REDRCH        PACKAGE CHD_0            ON UNIT   1017 AT TIME STEP      5, STRESS PERIOD      7

 HEAD WILL BE SAVED ON UNIT 1018 AT END OF TIME STEP    5, STRESS PERIOD    7

end timestep


start timestep kper="7" kstp="6" mode="normal"

 UBDSV1 SAVING           STO-SS ON UNIT   1017 AT TIME STEP      6, STRESS PERIOD      7
 UBDSV1 SAVING           STO-SY ON UNIT   1017 AT TIME STEP      6, STRESS PERIOD      7
 UBDSV1 SAVING     FLOW-JA-FACE ON UNIT   1017 AT TIME STEP      6, STRESS PERIOD      7
 UBDSV06 SAVING       DATA-SPDIS IN MODEL TR_REDRCH        PACKAGE NPF             CONNECTED TO MODEL TR_REDRCH        PACKAGE NPF              ON UNIT   1017 AT TIME STEP      6, STRESS PERIOD      7
 UBDSV06 SAVING              WEL IN MODEL TR_REDRCH        PACKAGE TR_REDRCH       CONNECTED TO MODEL TR_REDRCH        PACKAGE WEL_0            ON UNIT   1017 AT TIME STEP      6, STRESS PERIOD      7
 UBDSV06 SAVING              RIV IN MODEL TR_REDRCH        PACKAGE TR_REDRCH       CONNECTED TO MODEL TR_REDRCH        PACKAGE RIV_0            ON UNIT   1017 AT TIME STEP      6, STRESS PERIOD      7
 UBDSV06 SAVING             RCHA IN MODEL TR_REDRCH        PACKAGE TR_REDRCH       CONNECTED TO MODEL TR_REDRCH        PACKAGE RCHA_0           ON UNIT   1017 AT TIME STEP      6, STRESS PERIOD      7
 UBDSV06 SAVING            EVTA  IN MODEL TR_REDRCH        PACKAGE TR_REDRCH       CONNECTED TO MODEL TR_REDRCH        PACKAGE EVTA_0           ON UNIT   1017 AT TIME STEP      6, STRESS PERIOD      7
 UBDSV06 SAVING              CHD IN MODEL TR_REDRCH        PACKAGE TR_REDRCH       CONNECTED TO MODEL TR_REDRCH        PACKAGE CHD_0            ON UNIT   1017 AT TIME STEP      6, STRESS PERIOD      7

 HEAD WILL BE SAVED ON UNIT 1018 AT END OF TIME STEP    6, STRESS PERIOD    7


  VOLUME BUDGET FOR ENTIRE MODEL AT END OF TIME STEP    6, STRESS PERIOD   7
  ---------------------------------------------------------------------------------------------------

     CUMULATIVE VOLUME      L**3       RATES FOR THIS TIME STEP      L**3/T          PACKAGE NAME    
     ------------------                 ------------------------                     ----------------

           IN:                                      IN:
           ---                                      ---
              STO-SS =       89830.3675                STO-SS =           0.0000     STORAGE                          
              STO-SY =     3799573.3619                STO-SY =           0.0000     STORAGE                          
                 WEL =           0.0000                   WEL =           0.0000     WEL_0                            
                 RIV =       62891.4720                   RIV =         247.7741     RIV_0                            
                RCHA =     3248416.3252                  RCHA =       51746.9745     RCHA_0                           
                EVTA =           0.0000                  EVTA =           0.0000     EVTA_0                           
                 CHD =     2045091.6986                   CHD =        8970.1245     CHD_0                            

            TOTAL IN =     9245803.2252              TOTAL IN =       60964.8731

          OUT:                                     OUT:
          ----                                     ----
              STO-SS =       63487.7262                STO-SS =         616.5117     STORAGE                          
              STO-SY =     1557956.2521                STO-SY =       32005.3753     STORAGE                          
                 WEL =     2726356.5834                   WEL =        7292.9250     WEL_0                            
                 RIV =     2270427.6907                   RIV =       11406.6794     RIV_0                            
                RCHA =           0.0000                  RCHA =           0.0000     RCHA_0                           
                EVTA =     2569558.1382                  EVTA =        9290.1759     EVTA_0                           
                 CHD =       58016.8672                   CHD =         353.2061     CHD_0                            

           TOTAL OUT =     9245803.2577             TOTAL OUT =       60964.8735

            IN - OUT =      -3.2493E-02              IN - OUT =      -3.8883E-04

 PERCENT DISCREPANCY =          -0.00     PERCENT DISCREPANCY =          -0.00




         TIME SUMMARY AT END OF TIME STEP    6 IN STRESS PERIOD    7
                    SECONDS     MINUTES      HOURS       DAYS        YEARS
                    -----------------------------------------------------------
   TIME STEP LENGTH 7.79609E+05  12993.      216.56      9.0232     2.47043E-02
 STRESS PERIOD TIME 2.67840E+06  44640.      744.00      31.000     8.48734E-02
         TOTAL TIME 1.83168E+07 3.05280E+05  5088.0      212.00     0.58042    


end timestep


start timestep kper="8" kstp="1" mode="normal"


 BEGIN READING OUTPUT CONTROL FOR STRESS PERIOD 8
      ALL TIME STEPS WILL BE SAVED
      ALL TIME STEPS WILL BE SAVED

 END READING OUTPUT CONTROL FOR STRESS PERIOD 8


 PROCESSING STORAGE PERIOD DATA
 END PROCESSING STORAGE PERIOD DATA


 STRESS PERIOD 8 IS TRANSIENT


 REUSING RIVS FROM LAST STRESS PERIOD

  EVAPOTRANSPIRATION RATE =  0.2129030E-02

 REUSING CHDS FROM LAST STRESS PERIOD
 UBDSV1 SAVING           STO-SS ON UNIT   1017 AT TIME STEP      1, STRESS PERIOD      8
 UBDSV1 SAVING           STO-SY ON UNIT   1017 AT TIME STEP      1, STRESS PERIOD      8
 UBDSV1 SAVING     FLOW-JA-FACE ON UNIT   1017 AT TIME STEP      1, STRESS PERIOD      8
 UBDSV06 SAVING       DATA-SPDIS IN MODEL TR_REDRCH        PACKAGE NPF             CONNECTED TO MODEL TR_REDRCH        PACKAGE NPF              ON UNIT   1017 AT TIME STEP      1, STRESS PERIOD      8
 UBDSV06 SAVING              WEL IN MODEL TR_REDRCH        PACKAGE TR_REDRCH       CONNECTED TO MODEL TR_REDRCH        PACKAGE WEL_0            ON UNIT   1017 AT TIME STEP      1, STRESS PERIOD      8
 UBDSV06 SAVING              RIV IN MODEL TR_REDRCH        PACKAGE TR_REDRCH       CONNECTED TO MODEL TR_REDRCH        PACKAGE RIV_0            ON UNIT   1017 AT TIME STEP      1, STRESS PERIOD      8
 UBDSV06 SAVING             RCHA IN MODEL TR_REDRCH        PACKAGE TR_REDRCH       CONNECTED TO MODEL TR_REDRCH        PACKAGE RCHA_0           ON UNIT   1017 AT TIME STEP      1, STRESS PERIOD      8
 UBDSV06 SAVING            EVTA  IN MODEL TR_REDRCH        PACKAGE TR_REDRCH       CONNECTED TO MODEL TR_REDRCH        PACKAGE EVTA_0           ON UNIT   1017 AT TIME STEP      1, STRESS PERIOD      8
 UBDSV06 SAVING              CHD IN MODEL TR_REDRCH        PACKAGE TR_REDRCH       CONNECTED TO MODEL TR_REDRCH        PACKAGE CHD_0            ON UNIT   1017 AT TIME STEP      1, STRESS PERIOD      8

 HEAD WILL BE SAVED ON UNIT 1018 AT END OF TIME STEP    1, STRESS PERIOD    8

end timestep


start timestep kper="8" kstp="2" mode="normal"

 UBDSV1 SAVING           STO-SS ON UNIT   1017 AT TIME STEP      2, STRESS PERIOD      8
 UBDSV1 SAVING           STO-SY ON UNIT   1017 AT TIME STEP      2, STRESS PERIOD      8
 UBDSV1 SAVING     FLOW-JA-FACE ON UNIT   1017 AT TIME STEP      2, STRESS PERIOD      8
 UBDSV06 SAVING       DATA-SPDIS IN MODEL TR_REDRCH        PACKAGE NPF             CONNECTED TO MODEL TR_REDRCH        PACKAGE NPF              ON UNIT   1017 AT TIME STEP      2, STRESS PERIOD      8
 UBDSV06 SAVING              WEL IN MODEL TR_REDRCH        PACKAGE TR_REDRCH       CONNECTED TO MODEL TR_REDRCH        PACKAGE WEL_0            ON UNIT   1017 AT TIME STEP      2, STRESS PERIOD      8
 UBDSV06 SAVING              RIV IN MODEL TR_REDRCH        PACKAGE TR_REDRCH       CONNECTED TO MODEL TR_REDRCH        PACKAGE RIV_0            ON UNIT   1017 AT TIME STEP      2, STRESS PERIOD      8
 UBDSV06 SAVING             RCHA IN MODEL TR_REDRCH        PACKAGE TR_REDRCH       CONNECTED TO MODEL TR_REDRCH        PACKAGE RCHA_0           ON UNIT   1017 AT TIME STEP      2, STRESS PERIOD      8
 UBDSV06 SAVING            EVTA  IN MODEL TR_REDRCH        PACKAGE TR_REDRCH       CONNECTED TO MODEL TR_REDRCH        PACKAGE EVTA_0           ON UNIT   1017 AT TIME STEP      2, STRESS PERIOD      8
 UBDSV06 SAVING              CHD IN MODEL TR_REDRCH        PACKAGE TR_REDRCH       CONNECTED TO MODEL TR_REDRCH        PACKAGE CHD_0            ON UNIT   1017 AT TIME STEP      2, STRESS PERIOD      8

 HEAD WILL BE SAVED ON UNIT 1018 AT END OF TIME STEP    2, STRESS PERIOD    8

end timestep


start timestep kper="8" kstp="3" mode="normal"

 UBDSV1 SAVING           STO-SS ON UNIT   1017 AT TIME STEP      3, STRESS PERIOD      8
 UBDSV1 SAVING           STO-SY ON UNIT   1017 AT TIME STEP      3, STRESS PERIOD      8
 UBDSV1 SAVING     FLOW-JA-FACE ON UNIT   1017 AT TIME STEP      3, STRESS PERIOD      8
 UBDSV06 SAVING       DATA-SPDIS IN MODEL TR_REDRCH        PACKAGE NPF             CONNECTED TO MODEL TR_REDRCH        PACKAGE NPF              ON UNIT   1017 AT TIME STEP      3, STRESS PERIOD      8
 UBDSV06 SAVING              WEL IN MODEL TR_REDRCH        PACKAGE TR_REDRCH       CONNECTED TO MODEL TR_REDRCH        PACKAGE WEL_0            ON UNIT   1017 AT TIME STEP      3, STRESS PERIOD      8
 UBDSV06 SAVING              RIV IN MODEL TR_REDRCH        PACKAGE TR_REDRCH       CONNECTED TO MODEL TR_REDRCH        PACKAGE RIV_0            ON UNIT   1017 AT TIME STEP      3, STRESS PERIOD      8
 UBDSV06 SAVING             RCHA IN MODEL TR_REDRCH        PACKAGE TR_REDRCH       CONNECTED TO MODEL TR_REDRCH        PACKAGE RCHA_0           ON UNIT   1017 AT TIME STEP      3, STRESS PERIOD      8
 UBDSV06 SAVING            EVTA  IN MODEL TR_REDRCH        PACKAGE TR_REDRCH       CONNECTED TO MODEL TR_REDRCH        PACKAGE EVTA_0           ON UNIT   1017 AT TIME STEP      3, STRESS PERIOD      8
 UBDSV06 SAVING              CHD IN MODEL TR_REDRCH        PACKAGE TR_REDRCH       CONNECTED TO MODEL TR_REDRCH        PACKAGE CHD_0            ON UNIT   1017 AT TIME STEP      3, STRESS PERIOD      8

 HEAD WILL BE SAVED ON UNIT 1018 AT END OF TIME STEP    3, STRESS PERIOD    8

end timestep


start timestep kper="8" kstp="4" mode="normal"

 UBDSV1 SAVING           STO-SS ON UNIT   1017 AT TIME STEP      4, STRESS PERIOD      8
 UBDSV1 SAVING           STO-SY ON UNIT   1017 AT TIME STEP      4, STRESS PERIOD      8
 UBDSV1 SAVING     FLOW-JA-FACE ON UNIT   1017 AT TIME STEP      4, STRESS PERIOD      8
 UBDSV06 SAVING       DATA-SPDIS IN MODEL TR_REDRCH        PACKAGE NPF             CONNECTED TO MODEL TR_REDRCH        PACKAGE NPF              ON UNIT   1017 AT TIME STEP      4, STRESS PERIOD      8
 UBDSV06 SAVING              WEL IN MODEL TR_REDRCH        PACKAGE TR_REDRCH       CONNECTED TO MODEL TR_REDRCH        PACKAGE WEL_0            ON UNIT   1017 AT TIME STEP      4, STRESS PERIOD      8
 UBDSV06 SAVING              RIV IN MODEL TR_REDRCH        PACKAGE TR_REDRCH       CONNECTED TO MODEL TR_REDRCH        PACKAGE RIV_0            ON UNIT   1017 AT TIME STEP      4, STRESS PERIOD      8
 UBDSV06 SAVING             RCHA IN MODEL TR_REDRCH        PACKAGE TR_REDRCH       CONNECTED TO MODEL TR_REDRCH        PACKAGE RCHA_0           ON UNIT   1017 AT TIME STEP      4, STRESS PERIOD      8
 UBDSV06 SAVING            EVTA  IN MODEL TR_REDRCH        PACKAGE TR_REDRCH       CONNECTED TO MODEL TR_REDRCH        PACKAGE EVTA_0           ON UNIT   1017 AT TIME STEP      4, STRESS PERIOD      8
 UBDSV06 SAVING              CHD IN MODEL TR_REDRCH        PACKAGE TR_REDRCH       CONNECTED TO MODEL TR_REDRCH        PACKAGE CHD_0            ON UNIT   1017 AT TIME STEP      4, STRESS PERIOD      8

 HEAD WILL BE SAVED ON UNIT 1018 AT END OF TIME STEP    4, STRESS PERIOD    8

end timestep


start timestep kper="8" kstp="5" mode="normal"

 UBDSV1 SAVING           STO-SS ON UNIT   1017 AT TIME STEP      5, STRESS PERIOD      8
 UBDSV1 SAVING           STO-SY ON UNIT   1017 AT TIME STEP      5, STRESS PERIOD      8
 UBDSV1 SAVING     FLOW-JA-FACE ON UNIT   1017 AT TIME STEP      5, STRESS PERIOD      8
 UBDSV06 SAVING       DATA-SPDIS IN MODEL TR_REDRCH        PACKAGE NPF             CONNECTED TO MODEL TR_REDRCH        PACKAGE NPF              ON UNIT   1017 AT TIME STEP      5, STRESS PERIOD      8
 UBDSV06 SAVING              WEL IN MODEL TR_REDRCH        PACKAGE TR_REDRCH       CONNECTED TO MODEL TR_REDRCH        PACKAGE WEL_0            ON UNIT   1017 AT TIME STEP      5, STRESS PERIOD      8
 UBDSV06 SAVING              RIV IN MODEL TR_REDRCH        PACKAGE TR_REDRCH       CONNECTED TO MODEL TR_REDRCH        PACKAGE RIV_0            ON UNIT   1017 AT TIME STEP      5, STRESS PERIOD      8
 UBDSV06 SAVING             RCHA IN MODEL TR_REDRCH        PACKAGE TR_REDRCH       CONNECTED TO MODEL TR_REDRCH        PACKAGE RCHA_0           ON UNIT   1017 AT TIME STEP      5, STRESS PERIOD      8
 UBDSV06 SAVING            EVTA  IN MODEL TR_REDRCH        PACKAGE TR_REDRCH       CONNECTED TO MODEL TR_REDRCH        PACKAGE EVTA_0           ON UNIT   1017 AT TIME STEP      5, STRESS PERIOD      8
 UBDSV06 SAVING              CHD IN MODEL TR_REDRCH        PACKAGE TR_REDRCH       CONNECTED TO MODEL TR_REDRCH        PACKAGE CHD_0            ON UNIT   1017 AT TIME STEP      5, STRESS PERIOD      8

 HEAD WILL BE SAVED ON UNIT 1018 AT END OF TIME STEP    5, STRESS PERIOD    8

end timestep


start timestep kper="8" kstp="6" mode="normal"

 UBDSV1 SAVING           STO-SS ON UNIT   1017 AT TIME STEP      6, STRESS PERIOD      8
 UBDSV1 SAVING           STO-SY ON UNIT   1017 AT TIME STEP      6, STRESS PERIOD      8
 UBDSV1 SAVING     FLOW-JA-FACE ON UNIT   1017 AT TIME STEP      6, STRESS PERIOD      8
 UBDSV06 SAVING       DATA-SPDIS IN MODEL TR_REDRCH        PACKAGE NPF             CONNECTED TO MODEL TR_REDRCH        PACKAGE NPF              ON UNIT   1017 AT TIME STEP      6, STRESS PERIOD      8
 UBDSV06 SAVING              WEL IN MODEL TR_REDRCH        PACKAGE TR_REDRCH       CONNECTED TO MODEL TR_REDRCH        PACKAGE WEL_0            ON UNIT   1017 AT TIME STEP      6, STRESS PERIOD      8
 UBDSV06 SAVING              RIV IN MODEL TR_REDRCH        PACKAGE TR_REDRCH       CONNECTED TO MODEL TR_REDRCH        PACKAGE RIV_0            ON UNIT   1017 AT TIME STEP      6, STRESS PERIOD      8
 UBDSV06 SAVING             RCHA IN MODEL TR_REDRCH        PACKAGE TR_REDRCH       CONNECTED TO MODEL TR_REDRCH        PACKAGE RCHA_0           ON UNIT   1017 AT TIME STEP      6, STRESS PERIOD      8
 UBDSV06 SAVING            EVTA  IN MODEL TR_REDRCH        PACKAGE TR_REDRCH       CONNECTED TO MODEL TR_REDRCH        PACKAGE EVTA_0           ON UNIT   1017 AT TIME STEP      6, STRESS PERIOD      8
 UBDSV06 SAVING              CHD IN MODEL TR_REDRCH        PACKAGE TR_REDRCH       CONNECTED TO MODEL TR_REDRCH        PACKAGE CHD_0            ON UNIT   1017 AT TIME STEP      6, STRESS PERIOD      8

 HEAD WILL BE SAVED ON UNIT 1018 AT END OF TIME STEP    6, STRESS PERIOD    8


  VOLUME BUDGET FOR ENTIRE MODEL AT END OF TIME STEP    6, STRESS PERIOD   8
  ---------------------------------------------------------------------------------------------------

     CUMULATIVE VOLUME      L**3       RATES FOR THIS TIME STEP      L**3/T          PACKAGE NAME    
     ------------------                 ------------------------                     ----------------

           IN:                                      IN:
           ---                                      ---
              STO-SS =       89830.3675                STO-SS =           0.0000     STORAGE                          
              STO-SY =     3799573.3619                STO-SY =           0.0000     STORAGE                          
                 WEL =           0.0000                   WEL =           0.0000     WEL_0                            
                 RIV =       69422.8653                   RIV =         192.4434     RIV_0                            
                RCHA =     5253611.5877                  RCHA =       64683.7181     RCHA_0                           
                EVTA =           0.0000                  EVTA =           0.0000     EVTA_0                           
                 CHD =     2311073.1576                   CHD =        8370.2002     CHD_0                            

            TOTAL IN =    11523511.3400              TOTAL IN =       73246.3617

          OUT:                                     OUT:
          ----                                     ----
              STO-SS =       88490.1088                STO-SS =         780.8580     STORAGE                          
              STO-SY =     2917016.8502                STO-SY =       42942.1649     STORAGE                          
                 WEL =     2953253.0458                   WEL =        7334.8627     WEL_0                            
                 RIV =     2636911.3030                   RIV =       12019.3573     RIV_0                            
                RCHA =           0.0000                  RCHA =           0.0000     RCHA_0                           
                EVTA =     2857062.7388                  EVTA =        9724.9682     EVTA_0                           
                 CHD =       70777.3323                   CHD =         444.1507     CHD_0                            

           TOTAL OUT =    11523511.3788             TOTAL OUT =       73246.3618

            IN - OUT =      -3.8818E-02              IN - OUT =      -8.7467E-05

 PERCENT DISCREPANCY =          -0.00     PERCENT DISCREPANCY =          -0.00




         TIME SUMMARY AT END OF TIME STEP    6 IN STRESS PERIOD    8
                    SECONDS     MINUTES      HOURS       DAYS        YEARS
                    -----------------------------------------------------------
   TIME STEP LENGTH 7.79609E+05  12993.      216.56      9.0232     2.47043E-02
 STRESS PERIOD TIME 2.67840E+06  44640.      744.00      31.000     8.48734E-02
         TOTAL TIME 2.09952E+07 3.49920E+05  5832.0      243.00     0.66530    


end timestep


start timestep kper="9" kstp="1" mode="normal"


 BEGIN READING OUTPUT CONTROL FOR STRESS PERIOD 9
      ALL TIME STEPS WILL BE SAVED
      ALL TIME STEPS WILL BE SAVED

 END READING OUTPUT CONTROL FOR STRESS PERIOD 9


 PROCESSING STORAGE PERIOD DATA
 END PROCESSING STORAGE PERIOD DATA


 STRESS PERIOD 9 IS TRANSIENT


 REUSING RIVS FROM LAST STRESS PERIOD

  EVAPOTRANSPIRATION RATE =  0.2566670E-02

 REUSING CHDS FROM LAST STRESS PERIOD
 UBDSV1 SAVING           STO-SS ON UNIT   1017 AT TIME STEP      1, STRESS PERIOD      9
 UBDSV1 SAVING           STO-SY ON UNIT   1017 AT TIME STEP      1, STRESS PERIOD      9
 UBDSV1 SAVING     FLOW-JA-FACE ON UNIT   1017 AT TIME STEP      1, STRESS PERIOD      9
 UBDSV06 SAVING       DATA-SPDIS IN MODEL TR_REDRCH        PACKAGE NPF             CONNECTED TO MODEL TR_REDRCH        PACKAGE NPF              ON UNIT   1017 AT TIME STEP      1, STRESS PERIOD      9
 UBDSV06 SAVING              WEL IN MODEL TR_REDRCH        PACKAGE TR_REDRCH       CONNECTED TO MODEL TR_REDRCH        PACKAGE WEL_0            ON UNIT   1017 AT TIME STEP      1, STRESS PERIOD      9
 UBDSV06 SAVING              RIV IN MODEL TR_REDRCH        PACKAGE TR_REDRCH       CONNECTED TO MODEL TR_REDRCH        PACKAGE RIV_0            ON UNIT   1017 AT TIME STEP      1, STRESS PERIOD      9
 UBDSV06 SAVING             RCHA IN MODEL TR_REDRCH        PACKAGE TR_REDRCH       CONNECTED TO MODEL TR_REDRCH        PACKAGE RCHA_0           ON UNIT   1017 AT TIME STEP      1, STRESS PERIOD      9
 UBDSV06 SAVING            EVTA  IN MODEL TR_REDRCH        PACKAGE TR_REDRCH       CONNECTED TO MODEL TR_REDRCH        PACKAGE EVTA_0           ON UNIT   1017 AT TIME STEP      1, STRESS PERIOD      9
 UBDSV06 SAVING              CHD IN MODEL TR_REDRCH        PACKAGE TR_REDRCH       CONNECTED TO MODEL TR_REDRCH        PACKAGE CHD_0            ON UNIT   1017 AT TIME STEP      1, STRESS PERIOD      9

 HEAD WILL BE SAVED ON UNIT 1018 AT END OF TIME STEP    1, STRESS PERIOD    9

end timestep


start timestep kper="9" kstp="2" mode="normal"

 UBDSV1 SAVING           STO-SS ON UNIT   1017 AT TIME STEP      2, STRESS PERIOD      9
 UBDSV1 SAVING           STO-SY ON UNIT   1017 AT TIME STEP      2, STRESS PERIOD      9
 UBDSV1 SAVING     FLOW-JA-FACE ON UNIT   1017 AT TIME STEP      2, STRESS PERIOD      9
 UBDSV06 SAVING       DATA-SPDIS IN MODEL TR_REDRCH        PACKAGE NPF             CONNECTED TO MODEL TR_REDRCH        PACKAGE NPF              ON UNIT   1017 AT TIME STEP      2, STRESS PERIOD      9
 UBDSV06 SAVING              WEL IN MODEL TR_REDRCH        PACKAGE TR_REDRCH       CONNECTED TO MODEL TR_REDRCH        PACKAGE WEL_0            ON UNIT   1017 AT TIME STEP      2, STRESS PERIOD      9
 UBDSV06 SAVING              RIV IN MODEL TR_REDRCH        PACKAGE TR_REDRCH       CONNECTED TO MODEL TR_REDRCH        PACKAGE RIV_0            ON UNIT   1017 AT TIME STEP      2, STRESS PERIOD      9
 UBDSV06 SAVING             RCHA IN MODEL TR_REDRCH        PACKAGE TR_REDRCH       CONNECTED TO MODEL TR_REDRCH        PACKAGE RCHA_0           ON UNIT   1017 AT TIME STEP      2, STRESS PERIOD      9
 UBDSV06 SAVING            EVTA  IN MODEL TR_REDRCH        PACKAGE TR_REDRCH       CONNECTED TO MODEL TR_REDRCH        PACKAGE EVTA_0           ON UNIT   1017 AT TIME STEP      2, STRESS PERIOD      9
 UBDSV06 SAVING              CHD IN MODEL TR_REDRCH        PACKAGE TR_REDRCH       CONNECTED TO MODEL TR_REDRCH        PACKAGE CHD_0            ON UNIT   1017 AT TIME STEP      2, STRESS PERIOD      9

 HEAD WILL BE SAVED ON UNIT 1018 AT END OF TIME STEP    2, STRESS PERIOD    9

end timestep


start timestep kper="9" kstp="3" mode="normal"

 UBDSV1 SAVING           STO-SS ON UNIT   1017 AT TIME STEP      3, STRESS PERIOD      9
 UBDSV1 SAVING           STO-SY ON UNIT   1017 AT TIME STEP      3, STRESS PERIOD      9
 UBDSV1 SAVING     FLOW-JA-FACE ON UNIT   1017 AT TIME STEP      3, STRESS PERIOD      9
 UBDSV06 SAVING       DATA-SPDIS IN MODEL TR_REDRCH        PACKAGE NPF             CONNECTED TO MODEL TR_REDRCH        PACKAGE NPF              ON UNIT   1017 AT TIME STEP      3, STRESS PERIOD      9
 UBDSV06 SAVING              WEL IN MODEL TR_REDRCH        PACKAGE TR_REDRCH       CONNECTED TO MODEL TR_REDRCH        PACKAGE WEL_0            ON UNIT   1017 AT TIME STEP      3, STRESS PERIOD      9
 UBDSV06 SAVING              RIV IN MODEL TR_REDRCH        PACKAGE TR_REDRCH       CONNECTED TO MODEL TR_REDRCH        PACKAGE RIV_0            ON UNIT   1017 AT TIME STEP      3, STRESS PERIOD      9
 UBDSV06 SAVING             RCHA IN MODEL TR_REDRCH        PACKAGE TR_REDRCH       CONNECTED TO MODEL TR_REDRCH        PACKAGE RCHA_0           ON UNIT   1017 AT TIME STEP      3, STRESS PERIOD      9
 UBDSV06 SAVING            EVTA  IN MODEL TR_REDRCH        PACKAGE TR_REDRCH       CONNECTED TO MODEL TR_REDRCH        PACKAGE EVTA_0           ON UNIT   1017 AT TIME STEP      3, STRESS PERIOD      9
 UBDSV06 SAVING              CHD IN MODEL TR_REDRCH        PACKAGE TR_REDRCH       CONNECTED TO MODEL TR_REDRCH        PACKAGE CHD_0            ON UNIT   1017 AT TIME STEP      3, STRESS PERIOD      9

 HEAD WILL BE SAVED ON UNIT 1018 AT END OF TIME STEP    3, STRESS PERIOD    9

end timestep


start timestep kper="9" kstp="4" mode="normal"

 UBDSV1 SAVING           STO-SS ON UNIT   1017 AT TIME STEP      4, STRESS PERIOD      9
 UBDSV1 SAVING           STO-SY ON UNIT   1017 AT TIME STEP      4, STRESS PERIOD      9
 UBDSV1 SAVING     FLOW-JA-FACE ON UNIT   1017 AT TIME STEP      4, STRESS PERIOD      9
 UBDSV06 SAVING       DATA-SPDIS IN MODEL TR_REDRCH        PACKAGE NPF             CONNECTED TO MODEL TR_REDRCH        PACKAGE NPF              ON UNIT   1017 AT TIME STEP      4, STRESS PERIOD      9
 UBDSV06 SAVING              WEL IN MODEL TR_REDRCH        PACKAGE TR_REDRCH       CONNECTED TO MODEL TR_REDRCH        PACKAGE WEL_0            ON UNIT   1017 AT TIME STEP      4, STRESS PERIOD      9
 UBDSV06 SAVING              RIV IN MODEL TR_REDRCH        PACKAGE TR_REDRCH       CONNECTED TO MODEL TR_REDRCH        PACKAGE RIV_0            ON UNIT   1017 AT TIME STEP      4, STRESS PERIOD      9
 UBDSV06 SAVING             RCHA IN MODEL TR_REDRCH        PACKAGE TR_REDRCH       CONNECTED TO MODEL TR_REDRCH        PACKAGE RCHA_0           ON UNIT   1017 AT TIME STEP      4, STRESS PERIOD      9
 UBDSV06 SAVING            EVTA  IN MODEL TR_REDRCH        PACKAGE TR_REDRCH       CONNECTED TO MODEL TR_REDRCH        PACKAGE EVTA_0           ON UNIT   1017 AT TIME STEP      4, STRESS PERIOD      9
 UBDSV06 SAVING              CHD IN MODEL TR_REDRCH        PACKAGE TR_REDRCH       CONNECTED TO MODEL TR_REDRCH        PACKAGE CHD_0            ON UNIT   1017 AT TIME STEP      4, STRESS PERIOD      9

 HEAD WILL BE SAVED ON UNIT 1018 AT END OF TIME STEP    4, STRESS PERIOD    9

end timestep


start timestep kper="9" kstp="5" mode="normal"

 UBDSV1 SAVING           STO-SS ON UNIT   1017 AT TIME STEP      5, STRESS PERIOD      9
 UBDSV1 SAVING           STO-SY ON UNIT   1017 AT TIME STEP      5, STRESS PERIOD      9
 UBDSV1 SAVING     FLOW-JA-FACE ON UNIT   1017 AT TIME STEP      5, STRESS PERIOD      9
 UBDSV06 SAVING       DATA-SPDIS IN MODEL TR_REDRCH        PACKAGE NPF             CONNECTED TO MODEL TR_REDRCH        PACKAGE NPF              ON UNIT   1017 AT TIME STEP      5, STRESS PERIOD      9
 UBDSV06 SAVING              WEL IN MODEL TR_REDRCH        PACKAGE TR_REDRCH       CONNECTED TO MODEL TR_REDRCH        PACKAGE WEL_0            ON UNIT   1017 AT TIME STEP      5, STRESS PERIOD      9
 UBDSV06 SAVING              RIV IN MODEL TR_REDRCH        PACKAGE TR_REDRCH       CONNECTED TO MODEL TR_REDRCH        PACKAGE RIV_0            ON UNIT   1017 AT TIME STEP      5, STRESS PERIOD      9
 UBDSV06 SAVING             RCHA IN MODEL TR_REDRCH        PACKAGE TR_REDRCH       CONNECTED TO MODEL TR_REDRCH        PACKAGE RCHA_0           ON UNIT   1017 AT TIME STEP      5, STRESS PERIOD      9
 UBDSV06 SAVING            EVTA  IN MODEL TR_REDRCH        PACKAGE TR_REDRCH       CONNECTED TO MODEL TR_REDRCH        PACKAGE EVTA_0           ON UNIT   1017 AT TIME STEP      5, STRESS PERIOD      9
 UBDSV06 SAVING              CHD IN MODEL TR_REDRCH        PACKAGE TR_REDRCH       CONNECTED TO MODEL TR_REDRCH        PACKAGE CHD_0            ON UNIT   1017 AT TIME STEP      5, STRESS PERIOD      9

 HEAD WILL BE SAVED ON UNIT 1018 AT END OF TIME STEP    5, STRESS PERIOD    9

end timestep


start timestep kper="9" kstp="6" mode="normal"

 UBDSV1 SAVING           STO-SS ON UNIT   1017 AT TIME STEP      6, STRESS PERIOD      9
 UBDSV1 SAVING           STO-SY ON UNIT   1017 AT TIME STEP      6, STRESS PERIOD      9
 UBDSV1 SAVING     FLOW-JA-FACE ON UNIT   1017 AT TIME STEP      6, STRESS PERIOD      9
 UBDSV06 SAVING       DATA-SPDIS IN MODEL TR_REDRCH        PACKAGE NPF             CONNECTED TO MODEL TR_REDRCH        PACKAGE NPF              ON UNIT   1017 AT TIME STEP      6, STRESS PERIOD      9
 UBDSV06 SAVING              WEL IN MODEL TR_REDRCH        PACKAGE TR_REDRCH       CONNECTED TO MODEL TR_REDRCH        PACKAGE WEL_0            ON UNIT   1017 AT TIME STEP      6, STRESS PERIOD      9
 UBDSV06 SAVING              RIV IN MODEL TR_REDRCH        PACKAGE TR_REDRCH       CONNECTED TO MODEL TR_REDRCH        PACKAGE RIV_0            ON UNIT   1017 AT TIME STEP      6, STRESS PERIOD      9
 UBDSV06 SAVING             RCHA IN MODEL TR_REDRCH        PACKAGE TR_REDRCH       CONNECTED TO MODEL TR_REDRCH        PACKAGE RCHA_0           ON UNIT   1017 AT TIME STEP      6, STRESS PERIOD      9
 UBDSV06 SAVING            EVTA  IN MODEL TR_REDRCH        PACKAGE TR_REDRCH       CONNECTED TO MODEL TR_REDRCH        PACKAGE EVTA_0           ON UNIT   1017 AT TIME STEP      6, STRESS PERIOD      9
 UBDSV06 SAVING              CHD IN MODEL TR_REDRCH        PACKAGE TR_REDRCH       CONNECTED TO MODEL TR_REDRCH        PACKAGE CHD_0            ON UNIT   1017 AT TIME STEP      6, STRESS PERIOD      9

 HEAD WILL BE SAVED ON UNIT 1018 AT END OF TIME STEP    6, STRESS PERIOD    9


  VOLUME BUDGET FOR ENTIRE MODEL AT END OF TIME STEP    6, STRESS PERIOD   9
  ---------------------------------------------------------------------------------------------------

     CUMULATIVE VOLUME      L**3       RATES FOR THIS TIME STEP      L**3/T          PACKAGE NAME    
     ------------------                 ------------------------                     ----------------

           IN:                                      IN:
           ---                                      ---
              STO-SS =       92369.6146                STO-SS =       8.2219E-02     STORAGE                          
              STO-SY =     3803638.8364                STO-SY =          25.1413     STORAGE                          
                 WEL =           0.0000                   WEL =           0.0000     WEL_0                            
                 RIV =       74971.2283                   RIV =         176.6378     RIV_0                            
                RCHA =     6617144.3662                  RCHA =       45451.0926     RCHA_0                           
                EVTA =           0.0000                  EVTA =           0.0000     EVTA_0                           
                 CHD =     2564569.7484                   CHD =        8470.9210     CHD_0                            

            TOTAL IN =    13152693.7939              TOTAL IN =       54123.8749

          OUT:                                     OUT:
          ----                                     ----
              STO-SS =       99637.8421                STO-SS =         370.9358     STORAGE                          
              STO-SY =     3551573.7044                STO-SY =       20772.2613     STORAGE                          
                 WEL =     3206510.5369                   WEL =        8439.5441     WEL_0                            
                 RIV =     2994615.1750                   RIV =       11954.2222     RIV_0                            
                RCHA =           0.0000                  RCHA =           0.0000     RCHA_0                           
                EVTA =     3216599.8093                  EVTA =       12157.2611     EVTA_0                           
                 CHD =       83756.7589                   CHD =         429.6504     CHD_0                            

           TOTAL OUT =    13152693.8267             TOTAL OUT =       54123.8749

            IN - OUT =      -3.2787E-02              IN - OUT =       9.2906E-05

 PERCENT DISCREPANCY =          -0.00     PERCENT DISCREPANCY =           0.00




         TIME SUMMARY AT END OF TIME STEP    6 IN STRESS PERIOD    9
                    SECONDS     MINUTES      HOURS       DAYS        YEARS
                    -----------------------------------------------------------
   TIME STEP LENGTH 7.54460E+05  12574.      209.57      8.7322     2.39074E-02
 STRESS PERIOD TIME 2.59200E+06  43200.      720.00      30.000     8.21355E-02
         TOTAL TIME 2.35872E+07 3.93120E+05  6552.0      273.00     0.74743    


end timestep


start timestep kper="10" kstp="1" mode="normal"


 BEGIN READING OUTPUT CONTROL FOR STRESS PERIOD 10
      ALL TIME STEPS WILL BE SAVED
      ALL TIME STEPS WILL BE SAVED

 END READING OUTPUT CONTROL FOR STRESS PERIOD 10


 PROCESSING STORAGE PERIOD DATA
 END PROCESSING STORAGE PERIOD DATA


 STRESS PERIOD 10 IS TRANSIENT


 REUSING RIVS FROM LAST STRESS PERIOD

  EVAPOTRANSPIRATION RATE =  0.2927420E-02

 REUSING CHDS FROM LAST STRESS PERIOD
 UBDSV1 SAVING           STO-SS ON UNIT   1017 AT TIME STEP      1, STRESS PERIOD     10
 UBDSV1 SAVING           STO-SY ON UNIT   1017 AT TIME STEP      1, STRESS PERIOD     10
 UBDSV1 SAVING     FLOW-JA-FACE ON UNIT   1017 AT TIME STEP      1, STRESS PERIOD     10
 UBDSV06 SAVING       DATA-SPDIS IN MODEL TR_REDRCH        PACKAGE NPF             CONNECTED TO MODEL TR_REDRCH        PACKAGE NPF              ON UNIT   1017 AT TIME STEP      1, STRESS PERIOD     10
 UBDSV06 SAVING              WEL IN MODEL TR_REDRCH        PACKAGE TR_REDRCH       CONNECTED TO MODEL TR_REDRCH        PACKAGE WEL_0            ON UNIT   1017 AT TIME STEP      1, STRESS PERIOD     10
 UBDSV06 SAVING              RIV IN MODEL TR_REDRCH        PACKAGE TR_REDRCH       CONNECTED TO MODEL TR_REDRCH        PACKAGE RIV_0            ON UNIT   1017 AT TIME STEP      1, STRESS PERIOD     10
 UBDSV06 SAVING             RCHA IN MODEL TR_REDRCH        PACKAGE TR_REDRCH       CONNECTED TO MODEL TR_REDRCH        PACKAGE RCHA_0           ON UNIT   1017 AT TIME STEP      1, STRESS PERIOD     10
 UBDSV06 SAVING            EVTA  IN MODEL TR_REDRCH        PACKAGE TR_REDRCH       CONNECTED TO MODEL TR_REDRCH        PACKAGE EVTA_0           ON UNIT   1017 AT TIME STEP      1, STRESS PERIOD     10
 UBDSV06 SAVING              CHD IN MODEL TR_REDRCH        PACKAGE TR_REDRCH       CONNECTED TO MODEL TR_REDRCH        PACKAGE CHD_0            ON UNIT   1017 AT TIME STEP      1, STRESS PERIOD     10

 HEAD WILL BE SAVED ON UNIT 1018 AT END OF TIME STEP    1, STRESS PERIOD   10

end timestep


start timestep kper="10" kstp="2" mode="normal"

 UBDSV1 SAVING           STO-SS ON UNIT   1017 AT TIME STEP      2, STRESS PERIOD     10
 UBDSV1 SAVING           STO-SY ON UNIT   1017 AT TIME STEP      2, STRESS PERIOD     10
 UBDSV1 SAVING     FLOW-JA-FACE ON UNIT   1017 AT TIME STEP      2, STRESS PERIOD     10
 UBDSV06 SAVING       DATA-SPDIS IN MODEL TR_REDRCH        PACKAGE NPF             CONNECTED TO MODEL TR_REDRCH        PACKAGE NPF              ON UNIT   1017 AT TIME STEP      2, STRESS PERIOD     10
 UBDSV06 SAVING              WEL IN MODEL TR_REDRCH        PACKAGE TR_REDRCH       CONNECTED TO MODEL TR_REDRCH        PACKAGE WEL_0            ON UNIT   1017 AT TIME STEP      2, STRESS PERIOD     10
 UBDSV06 SAVING              RIV IN MODEL TR_REDRCH        PACKAGE TR_REDRCH       CONNECTED TO MODEL TR_REDRCH        PACKAGE RIV_0            ON UNIT   1017 AT TIME STEP      2, STRESS PERIOD     10
 UBDSV06 SAVING             RCHA IN MODEL TR_REDRCH        PACKAGE TR_REDRCH       CONNECTED TO MODEL TR_REDRCH        PACKAGE RCHA_0           ON UNIT   1017 AT TIME STEP      2, STRESS PERIOD     10
 UBDSV06 SAVING            EVTA  IN MODEL TR_REDRCH        PACKAGE TR_REDRCH       CONNECTED TO MODEL TR_REDRCH        PACKAGE EVTA_0           ON UNIT   1017 AT TIME STEP      2, STRESS PERIOD     10
 UBDSV06 SAVING              CHD IN MODEL TR_REDRCH        PACKAGE TR_REDRCH       CONNECTED TO MODEL TR_REDRCH        PACKAGE CHD_0            ON UNIT   1017 AT TIME STEP      2, STRESS PERIOD     10

 HEAD WILL BE SAVED ON UNIT 1018 AT END OF TIME STEP    2, STRESS PERIOD   10

end timestep


start timestep kper="10" kstp="3" mode="normal"

 UBDSV1 SAVING           STO-SS ON UNIT   1017 AT TIME STEP      3, STRESS PERIOD     10
 UBDSV1 SAVING           STO-SY ON UNIT   1017 AT TIME STEP      3, STRESS PERIOD     10
 UBDSV1 SAVING     FLOW-JA-FACE ON UNIT   1017 AT TIME STEP      3, STRESS PERIOD     10
 UBDSV06 SAVING       DATA-SPDIS IN MODEL TR_REDRCH        PACKAGE NPF             CONNECTED TO MODEL TR_REDRCH        PACKAGE NPF              ON UNIT   1017 AT TIME STEP      3, STRESS PERIOD     10
 UBDSV06 SAVING              WEL IN MODEL TR_REDRCH        PACKAGE TR_REDRCH       CONNECTED TO MODEL TR_REDRCH        PACKAGE WEL_0            ON UNIT   1017 AT TIME STEP      3, STRESS PERIOD     10
 UBDSV06 SAVING              RIV IN MODEL TR_REDRCH        PACKAGE TR_REDRCH       CONNECTED TO MODEL TR_REDRCH        PACKAGE RIV_0            ON UNIT   1017 AT TIME STEP      3, STRESS PERIOD     10
 UBDSV06 SAVING             RCHA IN MODEL TR_REDRCH        PACKAGE TR_REDRCH       CONNECTED TO MODEL TR_REDRCH        PACKAGE RCHA_0           ON UNIT   1017 AT TIME STEP      3, STRESS PERIOD     10
 UBDSV06 SAVING            EVTA  IN MODEL TR_REDRCH        PACKAGE TR_REDRCH       CONNECTED TO MODEL TR_REDRCH        PACKAGE EVTA_0           ON UNIT   1017 AT TIME STEP      3, STRESS PERIOD     10
 UBDSV06 SAVING              CHD IN MODEL TR_REDRCH        PACKAGE TR_REDRCH       CONNECTED TO MODEL TR_REDRCH        PACKAGE CHD_0            ON UNIT   1017 AT TIME STEP      3, STRESS PERIOD     10

 HEAD WILL BE SAVED ON UNIT 1018 AT END OF TIME STEP    3, STRESS PERIOD   10

end timestep


start timestep kper="10" kstp="4" mode="normal"

 UBDSV1 SAVING           STO-SS ON UNIT   1017 AT TIME STEP      4, STRESS PERIOD     10
 UBDSV1 SAVING           STO-SY ON UNIT   1017 AT TIME STEP      4, STRESS PERIOD     10
 UBDSV1 SAVING     FLOW-JA-FACE ON UNIT   1017 AT TIME STEP      4, STRESS PERIOD     10
 UBDSV06 SAVING       DATA-SPDIS IN MODEL TR_REDRCH        PACKAGE NPF             CONNECTED TO MODEL TR_REDRCH        PACKAGE NPF              ON UNIT   1017 AT TIME STEP      4, STRESS PERIOD     10
 UBDSV06 SAVING              WEL IN MODEL TR_REDRCH        PACKAGE TR_REDRCH       CONNECTED TO MODEL TR_REDRCH        PACKAGE WEL_0            ON UNIT   1017 AT TIME STEP      4, STRESS PERIOD     10
 UBDSV06 SAVING              RIV IN MODEL TR_REDRCH        PACKAGE TR_REDRCH       CONNECTED TO MODEL TR_REDRCH        PACKAGE RIV_0            ON UNIT   1017 AT TIME STEP      4, STRESS PERIOD     10
 UBDSV06 SAVING             RCHA IN MODEL TR_REDRCH        PACKAGE TR_REDRCH       CONNECTED TO MODEL TR_REDRCH        PACKAGE RCHA_0           ON UNIT   1017 AT TIME STEP      4, STRESS PERIOD     10
 UBDSV06 SAVING            EVTA  IN MODEL TR_REDRCH        PACKAGE TR_REDRCH       CONNECTED TO MODEL TR_REDRCH        PACKAGE EVTA_0           ON UNIT   1017 AT TIME STEP      4, STRESS PERIOD     10
 UBDSV06 SAVING              CHD IN MODEL TR_REDRCH        PACKAGE TR_REDRCH       CONNECTED TO MODEL TR_REDRCH        PACKAGE CHD_0            ON UNIT   1017 AT TIME STEP      4, STRESS PERIOD     10

 HEAD WILL BE SAVED ON UNIT 1018 AT END OF TIME STEP    4, STRESS PERIOD   10

end timestep


start timestep kper="10" kstp="5" mode="normal"

 UBDSV1 SAVING           STO-SS ON UNIT   1017 AT TIME STEP      5, STRESS PERIOD     10
 UBDSV1 SAVING           STO-SY ON UNIT   1017 AT TIME STEP      5, STRESS PERIOD     10
 UBDSV1 SAVING     FLOW-JA-FACE ON UNIT   1017 AT TIME STEP      5, STRESS PERIOD     10
 UBDSV06 SAVING       DATA-SPDIS IN MODEL TR_REDRCH        PACKAGE NPF             CONNECTED TO MODEL TR_REDRCH        PACKAGE NPF              ON UNIT   1017 AT TIME STEP      5, STRESS PERIOD     10
 UBDSV06 SAVING              WEL IN MODEL TR_REDRCH        PACKAGE TR_REDRCH       CONNECTED TO MODEL TR_REDRCH        PACKAGE WEL_0            ON UNIT   1017 AT TIME STEP      5, STRESS PERIOD     10
 UBDSV06 SAVING              RIV IN MODEL TR_REDRCH        PACKAGE TR_REDRCH       CONNECTED TO MODEL TR_REDRCH        PACKAGE RIV_0            ON UNIT   1017 AT TIME STEP      5, STRESS PERIOD     10
 UBDSV06 SAVING             RCHA IN MODEL TR_REDRCH        PACKAGE TR_REDRCH       CONNECTED TO MODEL TR_REDRCH        PACKAGE RCHA_0           ON UNIT   1017 AT TIME STEP      5, STRESS PERIOD     10
 UBDSV06 SAVING            EVTA  IN MODEL TR_REDRCH        PACKAGE TR_REDRCH       CONNECTED TO MODEL TR_REDRCH        PACKAGE EVTA_0           ON UNIT   1017 AT TIME STEP      5, STRESS PERIOD     10
 UBDSV06 SAVING              CHD IN MODEL TR_REDRCH        PACKAGE TR_REDRCH       CONNECTED TO MODEL TR_REDRCH        PACKAGE CHD_0            ON UNIT   1017 AT TIME STEP      5, STRESS PERIOD     10

 HEAD WILL BE SAVED ON UNIT 1018 AT END OF TIME STEP    5, STRESS PERIOD   10

end timestep


start timestep kper="10" kstp="6" mode="normal"

 UBDSV1 SAVING           STO-SS ON UNIT   1017 AT TIME STEP      6, STRESS PERIOD     10
 UBDSV1 SAVING           STO-SY ON UNIT   1017 AT TIME STEP      6, STRESS PERIOD     10
 UBDSV1 SAVING     FLOW-JA-FACE ON UNIT   1017 AT TIME STEP      6, STRESS PERIOD     10
 UBDSV06 SAVING       DATA-SPDIS IN MODEL TR_REDRCH        PACKAGE NPF             CONNECTED TO MODEL TR_REDRCH        PACKAGE NPF              ON UNIT   1017 AT TIME STEP      6, STRESS PERIOD     10
 UBDSV06 SAVING              WEL IN MODEL TR_REDRCH        PACKAGE TR_REDRCH       CONNECTED TO MODEL TR_REDRCH        PACKAGE WEL_0            ON UNIT   1017 AT TIME STEP      6, STRESS PERIOD     10
 UBDSV06 SAVING              RIV IN MODEL TR_REDRCH        PACKAGE TR_REDRCH       CONNECTED TO MODEL TR_REDRCH        PACKAGE RIV_0            ON UNIT   1017 AT TIME STEP      6, STRESS PERIOD     10
 UBDSV06 SAVING             RCHA IN MODEL TR_REDRCH        PACKAGE TR_REDRCH       CONNECTED TO MODEL TR_REDRCH        PACKAGE RCHA_0           ON UNIT   1017 AT TIME STEP      6, STRESS PERIOD     10
 UBDSV06 SAVING            EVTA  IN MODEL TR_REDRCH        PACKAGE TR_REDRCH       CONNECTED TO MODEL TR_REDRCH        PACKAGE EVTA_0           ON UNIT   1017 AT TIME STEP      6, STRESS PERIOD     10
 UBDSV06 SAVING              CHD IN MODEL TR_REDRCH        PACKAGE TR_REDRCH       CONNECTED TO MODEL TR_REDRCH        PACKAGE CHD_0            ON UNIT   1017 AT TIME STEP      6, STRESS PERIOD     10

 HEAD WILL BE SAVED ON UNIT 1018 AT END OF TIME STEP    6, STRESS PERIOD   10


  VOLUME BUDGET FOR ENTIRE MODEL AT END OF TIME STEP    6, STRESS PERIOD  10
  ---------------------------------------------------------------------------------------------------

     CUMULATIVE VOLUME      L**3       RATES FOR THIS TIME STEP      L**3/T          PACKAGE NAME    
     ------------------                 ------------------------                     ----------------

           IN:                                      IN:
           ---                                      ---
              STO-SS =      109880.0068                STO-SS =         328.7544     STORAGE                          
              STO-SY =     4338303.5800                STO-SY =       16375.8180     STORAGE                          
                 WEL =           0.0000                   WEL =           0.0000     WEL_0                            
                 RIV =       81060.3380                   RIV =         202.3842     RIV_0                            
                RCHA =     6937975.6082                  RCHA =       10349.3949     RCHA_0                           
                EVTA =           0.0000                  EVTA =           0.0000     EVTA_0                           
                 CHD =     2839647.6362                   CHD =        9068.6172     CHD_0                            

            TOTAL IN =    14306867.1692              TOTAL IN =       36324.9688

          OUT:                                     OUT:
          ----                                     ----
              STO-SS =       99902.4541                STO-SS =           6.4981     STORAGE                          
              STO-SY =     3582296.0195                STO-SY =         637.9070     STORAGE                          
                 WEL =     3551915.2047                   WEL =       11124.9435     WEL_0                            
                 RIV =     3348700.8018                   RIV =       11262.7279     RIV_0                            
                RCHA =           0.0000                  RCHA =           0.0000     RCHA_0                           
                EVTA =     3628787.7083                  EVTA =       12949.2332     EVTA_0                           
                 CHD =       95265.0138                   CHD =         343.6591     CHD_0                            

           TOTAL OUT =    14306867.2022             TOTAL OUT =       36324.9688

            IN - OUT =      -3.3052E-02              IN - OUT =      -6.5363E-06

 PERCENT DISCREPANCY =          -0.00     PERCENT DISCREPANCY =          -0.00




         TIME SUMMARY AT END OF TIME STEP    6 IN STRESS PERIOD   10
                    SECONDS     MINUTES      HOURS       DAYS        YEARS
                    -----------------------------------------------------------
   TIME STEP LENGTH 7.79609E+05  12993.      216.56      9.0232     2.47043E-02
 STRESS PERIOD TIME 2.67840E+06  44640.      744.00      31.000     8.48734E-02
         TOTAL TIME 2.62656E+07 4.37760E+05  7296.0      304.00     0.83231    


end timestep


start timestep kper="11" kstp="1" mode="normal"


 BEGIN READING OUTPUT CONTROL FOR STRESS PERIOD 11
      ALL TIME STEPS WILL BE SAVED
      ALL TIME STEPS WILL BE SAVED

 END READING OUTPUT CONTROL FOR STRESS PERIOD 11


 PROCESSING STORAGE PERIOD DATA
 END PROCESSING STORAGE PERIOD DATA


 STRESS PERIOD 11 IS TRANSIENT


 REUSING RIVS FROM LAST STRESS PERIOD

  EVAPOTRANSPIRATION RATE =  0.2750000E-02

 REUSING CHDS FROM LAST STRESS PERIOD
 UBDSV1 SAVING           STO-SS ON UNIT   1017 AT TIME STEP      1, STRESS PERIOD     11
 UBDSV1 SAVING           STO-SY ON UNIT   1017 AT TIME STEP      1, STRESS PERIOD     11
 UBDSV1 SAVING     FLOW-JA-FACE ON UNIT   1017 AT TIME STEP      1, STRESS PERIOD     11
 UBDSV06 SAVING       DATA-SPDIS IN MODEL TR_REDRCH        PACKAGE NPF             CONNECTED TO MODEL TR_REDRCH        PACKAGE NPF              ON UNIT   1017 AT TIME STEP      1, STRESS PERIOD     11
 UBDSV06 SAVING              WEL IN MODEL TR_REDRCH        PACKAGE TR_REDRCH       CONNECTED TO MODEL TR_REDRCH        PACKAGE WEL_0            ON UNIT   1017 AT TIME STEP      1, STRESS PERIOD     11
 UBDSV06 SAVING              RIV IN MODEL TR_REDRCH        PACKAGE TR_REDRCH       CONNECTED TO MODEL TR_REDRCH        PACKAGE RIV_0            ON UNIT   1017 AT TIME STEP      1, STRESS PERIOD     11
 UBDSV06 SAVING             RCHA IN MODEL TR_REDRCH        PACKAGE TR_REDRCH       CONNECTED TO MODEL TR_REDRCH        PACKAGE RCHA_0           ON UNIT   1017 AT TIME STEP      1, STRESS PERIOD     11
 UBDSV06 SAVING            EVTA  IN MODEL TR_REDRCH        PACKAGE TR_REDRCH       CONNECTED TO MODEL TR_REDRCH        PACKAGE EVTA_0           ON UNIT   1017 AT TIME STEP      1, STRESS PERIOD     11
 UBDSV06 SAVING              CHD IN MODEL TR_REDRCH        PACKAGE TR_REDRCH       CONNECTED TO MODEL TR_REDRCH        PACKAGE CHD_0            ON UNIT   1017 AT TIME STEP      1, STRESS PERIOD     11

 HEAD WILL BE SAVED ON UNIT 1018 AT END OF TIME STEP    1, STRESS PERIOD   11

end timestep


start timestep kper="11" kstp="2" mode="normal"

 UBDSV1 SAVING           STO-SS ON UNIT   1017 AT TIME STEP      2, STRESS PERIOD     11
 UBDSV1 SAVING           STO-SY ON UNIT   1017 AT TIME STEP      2, STRESS PERIOD     11
 UBDSV1 SAVING     FLOW-JA-FACE ON UNIT   1017 AT TIME STEP      2, STRESS PERIOD     11
 UBDSV06 SAVING       DATA-SPDIS IN MODEL TR_REDRCH        PACKAGE NPF             CONNECTED TO MODEL TR_REDRCH        PACKAGE NPF              ON UNIT   1017 AT TIME STEP      2, STRESS PERIOD     11
 UBDSV06 SAVING              WEL IN MODEL TR_REDRCH        PACKAGE TR_REDRCH       CONNECTED TO MODEL TR_REDRCH        PACKAGE WEL_0            ON UNIT   1017 AT TIME STEP      2, STRESS PERIOD     11
 UBDSV06 SAVING              RIV IN MODEL TR_REDRCH        PACKAGE TR_REDRCH       CONNECTED TO MODEL TR_REDRCH        PACKAGE RIV_0            ON UNIT   1017 AT TIME STEP      2, STRESS PERIOD     11
 UBDSV06 SAVING             RCHA IN MODEL TR_REDRCH        PACKAGE TR_REDRCH       CONNECTED TO MODEL TR_REDRCH        PACKAGE RCHA_0           ON UNIT   1017 AT TIME STEP      2, STRESS PERIOD     11
 UBDSV06 SAVING            EVTA  IN MODEL TR_REDRCH        PACKAGE TR_REDRCH       CONNECTED TO MODEL TR_REDRCH        PACKAGE EVTA_0           ON UNIT   1017 AT TIME STEP      2, STRESS PERIOD     11
 UBDSV06 SAVING              CHD IN MODEL TR_REDRCH        PACKAGE TR_REDRCH       CONNECTED TO MODEL TR_REDRCH        PACKAGE CHD_0            ON UNIT   1017 AT TIME STEP      2, STRESS PERIOD     11

 HEAD WILL BE SAVED ON UNIT 1018 AT END OF TIME STEP    2, STRESS PERIOD   11

end timestep


start timestep kper="11" kstp="3" mode="normal"

 UBDSV1 SAVING           STO-SS ON UNIT   1017 AT TIME STEP      3, STRESS PERIOD     11
 UBDSV1 SAVING           STO-SY ON UNIT   1017 AT TIME STEP      3, STRESS PERIOD     11
 UBDSV1 SAVING     FLOW-JA-FACE ON UNIT   1017 AT TIME STEP      3, STRESS PERIOD     11
 UBDSV06 SAVING       DATA-SPDIS IN MODEL TR_REDRCH        PACKAGE NPF             CONNECTED TO MODEL TR_REDRCH        PACKAGE NPF              ON UNIT   1017 AT TIME STEP      3, STRESS PERIOD     11
 UBDSV06 SAVING              WEL IN MODEL TR_REDRCH        PACKAGE TR_REDRCH       CONNECTED TO MODEL TR_REDRCH        PACKAGE WEL_0            ON UNIT   1017 AT TIME STEP      3, STRESS PERIOD     11
 UBDSV06 SAVING              RIV IN MODEL TR_REDRCH        PACKAGE TR_REDRCH       CONNECTED TO MODEL TR_REDRCH        PACKAGE RIV_0            ON UNIT   1017 AT TIME STEP      3, STRESS PERIOD     11
 UBDSV06 SAVING             RCHA IN MODEL TR_REDRCH        PACKAGE TR_REDRCH       CONNECTED TO MODEL TR_REDRCH        PACKAGE RCHA_0           ON UNIT   1017 AT TIME STEP      3, STRESS PERIOD     11
 UBDSV06 SAVING            EVTA  IN MODEL TR_REDRCH        PACKAGE TR_REDRCH       CONNECTED TO MODEL TR_REDRCH        PACKAGE EVTA_0           ON UNIT   1017 AT TIME STEP      3, STRESS PERIOD     11
 UBDSV06 SAVING              CHD IN MODEL TR_REDRCH        PACKAGE TR_REDRCH       CONNECTED TO MODEL TR_REDRCH        PACKAGE CHD_0            ON UNIT   1017 AT TIME STEP      3, STRESS PERIOD     11

 HEAD WILL BE SAVED ON UNIT 1018 AT END OF TIME STEP    3, STRESS PERIOD   11

end timestep


start timestep kper="11" kstp="4" mode="normal"

 UBDSV1 SAVING           STO-SS ON UNIT   1017 AT TIME STEP      4, STRESS PERIOD     11
 UBDSV1 SAVING           STO-SY ON UNIT   1017 AT TIME STEP      4, STRESS PERIOD     11
 UBDSV1 SAVING     FLOW-JA-FACE ON UNIT   1017 AT TIME STEP      4, STRESS PERIOD     11
 UBDSV06 SAVING       DATA-SPDIS IN MODEL TR_REDRCH        PACKAGE NPF             CONNECTED TO MODEL TR_REDRCH        PACKAGE NPF              ON UNIT   1017 AT TIME STEP      4, STRESS PERIOD     11
 UBDSV06 SAVING              WEL IN MODEL TR_REDRCH        PACKAGE TR_REDRCH       CONNECTED TO MODEL TR_REDRCH        PACKAGE WEL_0            ON UNIT   1017 AT TIME STEP      4, STRESS PERIOD     11
 UBDSV06 SAVING              RIV IN MODEL TR_REDRCH        PACKAGE TR_REDRCH       CONNECTED TO MODEL TR_REDRCH        PACKAGE RIV_0            ON UNIT   1017 AT TIME STEP      4, STRESS PERIOD     11
 UBDSV06 SAVING             RCHA IN MODEL TR_REDRCH        PACKAGE TR_REDRCH       CONNECTED TO MODEL TR_REDRCH        PACKAGE RCHA_0           ON UNIT   1017 AT TIME STEP      4, STRESS PERIOD     11
 UBDSV06 SAVING            EVTA  IN MODEL TR_REDRCH        PACKAGE TR_REDRCH       CONNECTED TO MODEL TR_REDRCH        PACKAGE EVTA_0           ON UNIT   1017 AT TIME STEP      4, STRESS PERIOD     11
 UBDSV06 SAVING              CHD IN MODEL TR_REDRCH        PACKAGE TR_REDRCH       CONNECTED TO MODEL TR_REDRCH        PACKAGE CHD_0            ON UNIT   1017 AT TIME STEP      4, STRESS PERIOD     11

 HEAD WILL BE SAVED ON UNIT 1018 AT END OF TIME STEP    4, STRESS PERIOD   11

end timestep


start timestep kper="11" kstp="5" mode="normal"

 UBDSV1 SAVING           STO-SS ON UNIT   1017 AT TIME STEP      5, STRESS PERIOD     11
 UBDSV1 SAVING           STO-SY ON UNIT   1017 AT TIME STEP      5, STRESS PERIOD     11
 UBDSV1 SAVING     FLOW-JA-FACE ON UNIT   1017 AT TIME STEP      5, STRESS PERIOD     11
 UBDSV06 SAVING       DATA-SPDIS IN MODEL TR_REDRCH        PACKAGE NPF             CONNECTED TO MODEL TR_REDRCH        PACKAGE NPF              ON UNIT   1017 AT TIME STEP      5, STRESS PERIOD     11
 UBDSV06 SAVING              WEL IN MODEL TR_REDRCH        PACKAGE TR_REDRCH       CONNECTED TO MODEL TR_REDRCH        PACKAGE WEL_0            ON UNIT   1017 AT TIME STEP      5, STRESS PERIOD     11
 UBDSV06 SAVING              RIV IN MODEL TR_REDRCH        PACKAGE TR_REDRCH       CONNECTED TO MODEL TR_REDRCH        PACKAGE RIV_0            ON UNIT   1017 AT TIME STEP      5, STRESS PERIOD     11
 UBDSV06 SAVING             RCHA IN MODEL TR_REDRCH        PACKAGE TR_REDRCH       CONNECTED TO MODEL TR_REDRCH        PACKAGE RCHA_0           ON UNIT   1017 AT TIME STEP      5, STRESS PERIOD     11
 UBDSV06 SAVING            EVTA  IN MODEL TR_REDRCH        PACKAGE TR_REDRCH       CONNECTED TO MODEL TR_REDRCH        PACKAGE EVTA_0           ON UNIT   1017 AT TIME STEP      5, STRESS PERIOD     11
 UBDSV06 SAVING              CHD IN MODEL TR_REDRCH        PACKAGE TR_REDRCH       CONNECTED TO MODEL TR_REDRCH        PACKAGE CHD_0            ON UNIT   1017 AT TIME STEP      5, STRESS PERIOD     11

 HEAD WILL BE SAVED ON UNIT 1018 AT END OF TIME STEP    5, STRESS PERIOD   11

end timestep


start timestep kper="11" kstp="6" mode="normal"

 UBDSV1 SAVING           STO-SS ON UNIT   1017 AT TIME STEP      6, STRESS PERIOD     11
 UBDSV1 SAVING           STO-SY ON UNIT   1017 AT TIME STEP      6, STRESS PERIOD     11
 UBDSV1 SAVING     FLOW-JA-FACE ON UNIT   1017 AT TIME STEP      6, STRESS PERIOD     11
 UBDSV06 SAVING       DATA-SPDIS IN MODEL TR_REDRCH        PACKAGE NPF             CONNECTED TO MODEL TR_REDRCH        PACKAGE NPF              ON UNIT   1017 AT TIME STEP      6, STRESS PERIOD     11
 UBDSV06 SAVING              WEL IN MODEL TR_REDRCH        PACKAGE TR_REDRCH       CONNECTED TO MODEL TR_REDRCH        PACKAGE WEL_0            ON UNIT   1017 AT TIME STEP      6, STRESS PERIOD     11
 UBDSV06 SAVING              RIV IN MODEL TR_REDRCH        PACKAGE TR_REDRCH       CONNECTED TO MODEL TR_REDRCH        PACKAGE RIV_0            ON UNIT   1017 AT TIME STEP      6, STRESS PERIOD     11
 UBDSV06 SAVING             RCHA IN MODEL TR_REDRCH        PACKAGE TR_REDRCH       CONNECTED TO MODEL TR_REDRCH        PACKAGE RCHA_0           ON UNIT   1017 AT TIME STEP      6, STRESS PERIOD     11
 UBDSV06 SAVING            EVTA  IN MODEL TR_REDRCH        PACKAGE TR_REDRCH       CONNECTED TO MODEL TR_REDRCH        PACKAGE EVTA_0           ON UNIT   1017 AT TIME STEP      6, STRESS PERIOD     11
 UBDSV06 SAVING              CHD IN MODEL TR_REDRCH        PACKAGE TR_REDRCH       CONNECTED TO MODEL TR_REDRCH        PACKAGE CHD_0            ON UNIT   1017 AT TIME STEP      6, STRESS PERIOD     11

 HEAD WILL BE SAVED ON UNIT 1018 AT END OF TIME STEP    6, STRESS PERIOD   11


  VOLUME BUDGET FOR ENTIRE MODEL AT END OF TIME STEP    6, STRESS PERIOD  11
  ---------------------------------------------------------------------------------------------------

     CUMULATIVE VOLUME      L**3       RATES FOR THIS TIME STEP      L**3/T          PACKAGE NAME    
     ------------------                 ------------------------                     ----------------

           IN:                                      IN:
           ---                                      ---
              STO-SS =      133762.6355                STO-SS =         548.0829     STORAGE                          
              STO-SY =     5133522.6811                STO-SY =       26102.1445     STORAGE                          
                 WEL =           0.0000                   WEL =           0.0000     WEL_0                            
                 RIV =       87711.2445                   RIV =         232.1907     RIV_0                            
                RCHA =     6937975.6082                  RCHA =           0.0000     RCHA_0                           
                EVTA =           0.0000                  EVTA =           0.0000     EVTA_0                           
                 CHD =     3117902.0367                   CHD =        9390.0564     CHD_0                            

            TOTAL IN =    15410874.2059              TOTAL IN =       36272.4745

          OUT:                                     OUT:
          ----                                     ----
              STO-SS =       99936.3454                STO-SS =           0.9305     STORAGE                          
              STO-SY =     3585314.5567                STO-SY =          76.8171     STORAGE                          
                 WEL =     3966101.3553                   WEL =       13793.9437     WEL_0                            
                 RIV =     3676949.8886                   RIV =       10795.7629     RIV_0                            
                RCHA =           0.0000                  RCHA =           0.0000     RCHA_0                           
                EVTA =     3977747.3818                  EVTA =       11300.2913     EVTA_0                           
                 CHD =      104824.7058                   CHD =         304.7283     CHD_0                            

           TOTAL OUT =    15410874.2337             TOTAL OUT =       36272.4739

            IN - OUT =      -2.7767E-02              IN - OUT =       6.3028E-04

 PERCENT DISCREPANCY =          -0.00     PERCENT DISCREPANCY =           0.00




         TIME SUMMARY AT END OF TIME STEP    6 IN STRESS PERIOD   11
                    SECONDS     MINUTES      HOURS       DAYS        YEARS
                    -----------------------------------------------------------
   TIME STEP LENGTH 7.54460E+05  12574.      209.57      8.7322     2.39074E-02
 STRESS PERIOD TIME 2.59200E+06  43200.      720.00      30.000     8.21355E-02
         TOTAL TIME 2.88576E+07 4.80960E+05  8016.0      334.00     0.91444    


end timestep


start timestep kper="12" kstp="1" mode="normal"


 BEGIN READING OUTPUT CONTROL FOR STRESS PERIOD 12
      ALL TIME STEPS WILL BE SAVED
      ALL TIME STEPS WILL BE SAVED

 END READING OUTPUT CONTROL FOR STRESS PERIOD 12


 PROCESSING STORAGE PERIOD DATA
 END PROCESSING STORAGE PERIOD DATA


 STRESS PERIOD 12 IS TRANSIENT


 REUSING RIVS FROM LAST STRESS PERIOD

  EVAPOTRANSPIRATION RATE =  0.2483870E-02

 REUSING CHDS FROM LAST STRESS PERIOD
 UBDSV1 SAVING           STO-SS ON UNIT   1017 AT TIME STEP      1, STRESS PERIOD     12
 UBDSV1 SAVING           STO-SY ON UNIT   1017 AT TIME STEP      1, STRESS PERIOD     12
 UBDSV1 SAVING     FLOW-JA-FACE ON UNIT   1017 AT TIME STEP      1, STRESS PERIOD     12
 UBDSV06 SAVING       DATA-SPDIS IN MODEL TR_REDRCH        PACKAGE NPF             CONNECTED TO MODEL TR_REDRCH        PACKAGE NPF              ON UNIT   1017 AT TIME STEP      1, STRESS PERIOD     12
 UBDSV06 SAVING              WEL IN MODEL TR_REDRCH        PACKAGE TR_REDRCH       CONNECTED TO MODEL TR_REDRCH        PACKAGE WEL_0            ON UNIT   1017 AT TIME STEP      1, STRESS PERIOD     12
 UBDSV06 SAVING              RIV IN MODEL TR_REDRCH        PACKAGE TR_REDRCH       CONNECTED TO MODEL TR_REDRCH        PACKAGE RIV_0            ON UNIT   1017 AT TIME STEP      1, STRESS PERIOD     12
 UBDSV06 SAVING             RCHA IN MODEL TR_REDRCH        PACKAGE TR_REDRCH       CONNECTED TO MODEL TR_REDRCH        PACKAGE RCHA_0           ON UNIT   1017 AT TIME STEP      1, STRESS PERIOD     12
 UBDSV06 SAVING            EVTA  IN MODEL TR_REDRCH        PACKAGE TR_REDRCH       CONNECTED TO MODEL TR_REDRCH        PACKAGE EVTA_0           ON UNIT   1017 AT TIME STEP      1, STRESS PERIOD     12
 UBDSV06 SAVING              CHD IN MODEL TR_REDRCH        PACKAGE TR_REDRCH       CONNECTED TO MODEL TR_REDRCH        PACKAGE CHD_0            ON UNIT   1017 AT TIME STEP      1, STRESS PERIOD     12

 HEAD WILL BE SAVED ON UNIT 1018 AT END OF TIME STEP    1, STRESS PERIOD   12

end timestep


start timestep kper="12" kstp="2" mode="normal"

 UBDSV1 SAVING           STO-SS ON UNIT   1017 AT TIME STEP      2, STRESS PERIOD     12
 UBDSV1 SAVING           STO-SY ON UNIT   1017 AT TIME STEP      2, STRESS PERIOD     12
 UBDSV1 SAVING     FLOW-JA-FACE ON UNIT   1017 AT TIME STEP      2, STRESS PERIOD     12
 UBDSV06 SAVING       DATA-SPDIS IN MODEL TR_REDRCH        PACKAGE NPF             CONNECTED TO MODEL TR_REDRCH        PACKAGE NPF              ON UNIT   1017 AT TIME STEP      2, STRESS PERIOD     12
 UBDSV06 SAVING              WEL IN MODEL TR_REDRCH        PACKAGE TR_REDRCH       CONNECTED TO MODEL TR_REDRCH        PACKAGE WEL_0            ON UNIT   1017 AT TIME STEP      2, STRESS PERIOD     12
 UBDSV06 SAVING              RIV IN MODEL TR_REDRCH        PACKAGE TR_REDRCH       CONNECTED TO MODEL TR_REDRCH        PACKAGE RIV_0            ON UNIT   1017 AT TIME STEP      2, STRESS PERIOD     12
 UBDSV06 SAVING             RCHA IN MODEL TR_REDRCH        PACKAGE TR_REDRCH       CONNECTED TO MODEL TR_REDRCH        PACKAGE RCHA_0           ON UNIT   1017 AT TIME STEP      2, STRESS PERIOD     12
 UBDSV06 SAVING            EVTA  IN MODEL TR_REDRCH        PACKAGE TR_REDRCH       CONNECTED TO MODEL TR_REDRCH        PACKAGE EVTA_0           ON UNIT   1017 AT TIME STEP      2, STRESS PERIOD     12
 UBDSV06 SAVING              CHD IN MODEL TR_REDRCH        PACKAGE TR_REDRCH       CONNECTED TO MODEL TR_REDRCH        PACKAGE CHD_0            ON UNIT   1017 AT TIME STEP      2, STRESS PERIOD     12

 HEAD WILL BE SAVED ON UNIT 1018 AT END OF TIME STEP    2, STRESS PERIOD   12

end timestep


start timestep kper="12" kstp="3" mode="normal"

 UBDSV1 SAVING           STO-SS ON UNIT   1017 AT TIME STEP      3, STRESS PERIOD     12
 UBDSV1 SAVING           STO-SY ON UNIT   1017 AT TIME STEP      3, STRESS PERIOD     12
 UBDSV1 SAVING     FLOW-JA-FACE ON UNIT   1017 AT TIME STEP      3, STRESS PERIOD     12
 UBDSV06 SAVING       DATA-SPDIS IN MODEL TR_REDRCH        PACKAGE NPF             CONNECTED TO MODEL TR_REDRCH        PACKAGE NPF              ON UNIT   1017 AT TIME STEP      3, STRESS PERIOD     12
 UBDSV06 SAVING              WEL IN MODEL TR_REDRCH        PACKAGE TR_REDRCH       CONNECTED TO MODEL TR_REDRCH        PACKAGE WEL_0            ON UNIT   1017 AT TIME STEP      3, STRESS PERIOD     12
 UBDSV06 SAVING              RIV IN MODEL TR_REDRCH        PACKAGE TR_REDRCH       CONNECTED TO MODEL TR_REDRCH        PACKAGE RIV_0            ON UNIT   1017 AT TIME STEP      3, STRESS PERIOD     12
 UBDSV06 SAVING             RCHA IN MODEL TR_REDRCH        PACKAGE TR_REDRCH       CONNECTED TO MODEL TR_REDRCH        PACKAGE RCHA_0           ON UNIT   1017 AT TIME STEP      3, STRESS PERIOD     12
 UBDSV06 SAVING            EVTA  IN MODEL TR_REDRCH        PACKAGE TR_REDRCH       CONNECTED TO MODEL TR_REDRCH        PACKAGE EVTA_0           ON UNIT   1017 AT TIME STEP      3, STRESS PERIOD     12
 UBDSV06 SAVING              CHD IN MODEL TR_REDRCH        PACKAGE TR_REDRCH       CONNECTED TO MODEL TR_REDRCH        PACKAGE CHD_0            ON UNIT   1017 AT TIME STEP      3, STRESS PERIOD     12

 HEAD WILL BE SAVED ON UNIT 1018 AT END OF TIME STEP    3, STRESS PERIOD   12

end timestep


start timestep kper="12" kstp="4" mode="normal"

 UBDSV1 SAVING           STO-SS ON UNIT   1017 AT TIME STEP      4, STRESS PERIOD     12
 UBDSV1 SAVING           STO-SY ON UNIT   1017 AT TIME STEP      4, STRESS PERIOD     12
 UBDSV1 SAVING     FLOW-JA-FACE ON UNIT   1017 AT TIME STEP      4, STRESS PERIOD     12
 UBDSV06 SAVING       DATA-SPDIS IN MODEL TR_REDRCH        PACKAGE NPF             CONNECTED TO MODEL TR_REDRCH        PACKAGE NPF              ON UNIT   1017 AT TIME STEP      4, STRESS PERIOD     12
 UBDSV06 SAVING              WEL IN MODEL TR_REDRCH        PACKAGE TR_REDRCH       CONNECTED TO MODEL TR_REDRCH        PACKAGE WEL_0            ON UNIT   1017 AT TIME STEP      4, STRESS PERIOD     12
 UBDSV06 SAVING              RIV IN MODEL TR_REDRCH        PACKAGE TR_REDRCH       CONNECTED TO MODEL TR_REDRCH        PACKAGE RIV_0            ON UNIT   1017 AT TIME STEP      4, STRESS PERIOD     12
 UBDSV06 SAVING             RCHA IN MODEL TR_REDRCH        PACKAGE TR_REDRCH       CONNECTED TO MODEL TR_REDRCH        PACKAGE RCHA_0           ON UNIT   1017 AT TIME STEP      4, STRESS PERIOD     12
 UBDSV06 SAVING            EVTA  IN MODEL TR_REDRCH        PACKAGE TR_REDRCH       CONNECTED TO MODEL TR_REDRCH        PACKAGE EVTA_0           ON UNIT   1017 AT TIME STEP      4, STRESS PERIOD     12
 UBDSV06 SAVING              CHD IN MODEL TR_REDRCH        PACKAGE TR_REDRCH       CONNECTED TO MODEL TR_REDRCH        PACKAGE CHD_0            ON UNIT   1017 AT TIME STEP      4, STRESS PERIOD     12

 HEAD WILL BE SAVED ON UNIT 1018 AT END OF TIME STEP    4, STRESS PERIOD   12

end timestep


start timestep kper="12" kstp="5" mode="normal"

 UBDSV1 SAVING           STO-SS ON UNIT   1017 AT TIME STEP      5, STRESS PERIOD     12
 UBDSV1 SAVING           STO-SY ON UNIT   1017 AT TIME STEP      5, STRESS PERIOD     12
 UBDSV1 SAVING     FLOW-JA-FACE ON UNIT   1017 AT TIME STEP      5, STRESS PERIOD     12
 UBDSV06 SAVING       DATA-SPDIS IN MODEL TR_REDRCH        PACKAGE NPF             CONNECTED TO MODEL TR_REDRCH        PACKAGE NPF              ON UNIT   1017 AT TIME STEP      5, STRESS PERIOD     12
 UBDSV06 SAVING              WEL IN MODEL TR_REDRCH        PACKAGE TR_REDRCH       CONNECTED TO MODEL TR_REDRCH        PACKAGE WEL_0            ON UNIT   1017 AT TIME STEP      5, STRESS PERIOD     12
 UBDSV06 SAVING              RIV IN MODEL TR_REDRCH        PACKAGE TR_REDRCH       CONNECTED TO MODEL TR_REDRCH        PACKAGE RIV_0            ON UNIT   1017 AT TIME STEP      5, STRESS PERIOD     12
 UBDSV06 SAVING             RCHA IN MODEL TR_REDRCH        PACKAGE TR_REDRCH       CONNECTED TO MODEL TR_REDRCH        PACKAGE RCHA_0           ON UNIT   1017 AT TIME STEP      5, STRESS PERIOD     12
 UBDSV06 SAVING            EVTA  IN MODEL TR_REDRCH        PACKAGE TR_REDRCH       CONNECTED TO MODEL TR_REDRCH        PACKAGE EVTA_0           ON UNIT   1017 AT TIME STEP      5, STRESS PERIOD     12
 UBDSV06 SAVING              CHD IN MODEL TR_REDRCH        PACKAGE TR_REDRCH       CONNECTED TO MODEL TR_REDRCH        PACKAGE CHD_0            ON UNIT   1017 AT TIME STEP      5, STRESS PERIOD     12

 HEAD WILL BE SAVED ON UNIT 1018 AT END OF TIME STEP    5, STRESS PERIOD   12

end timestep


start timestep kper="12" kstp="6" mode="normal"

 UBDSV1 SAVING           STO-SS ON UNIT   1017 AT TIME STEP      6, STRESS PERIOD     12
 UBDSV1 SAVING           STO-SY ON UNIT   1017 AT TIME STEP      6, STRESS PERIOD     12
 UBDSV1 SAVING     FLOW-JA-FACE ON UNIT   1017 AT TIME STEP      6, STRESS PERIOD     12
 UBDSV06 SAVING       DATA-SPDIS IN MODEL TR_REDRCH        PACKAGE NPF             CONNECTED TO MODEL TR_REDRCH        PACKAGE NPF              ON UNIT   1017 AT TIME STEP      6, STRESS PERIOD     12
 UBDSV06 SAVING              WEL IN MODEL TR_REDRCH        PACKAGE TR_REDRCH       CONNECTED TO MODEL TR_REDRCH        PACKAGE WEL_0            ON UNIT   1017 AT TIME STEP      6, STRESS PERIOD     12
 UBDSV06 SAVING              RIV IN MODEL TR_REDRCH        PACKAGE TR_REDRCH       CONNECTED TO MODEL TR_REDRCH        PACKAGE RIV_0            ON UNIT   1017 AT TIME STEP      6, STRESS PERIOD     12
 UBDSV06 SAVING             RCHA IN MODEL TR_REDRCH        PACKAGE TR_REDRCH       CONNECTED TO MODEL TR_REDRCH        PACKAGE RCHA_0           ON UNIT   1017 AT TIME STEP      6, STRESS PERIOD     12
 UBDSV06 SAVING            EVTA  IN MODEL TR_REDRCH        PACKAGE TR_REDRCH       CONNECTED TO MODEL TR_REDRCH        PACKAGE EVTA_0           ON UNIT   1017 AT TIME STEP      6, STRESS PERIOD     12
 UBDSV06 SAVING              CHD IN MODEL TR_REDRCH        PACKAGE TR_REDRCH       CONNECTED TO MODEL TR_REDRCH        PACKAGE CHD_0            ON UNIT   1017 AT TIME STEP      6, STRESS PERIOD     12

 HEAD WILL BE SAVED ON UNIT 1018 AT END OF TIME STEP    6, STRESS PERIOD   12


  VOLUME BUDGET FOR ENTIRE MODEL AT END OF TIME STEP    6, STRESS PERIOD  12
  ---------------------------------------------------------------------------------------------------

     CUMULATIVE VOLUME      L**3       RATES FOR THIS TIME STEP      L**3/T          PACKAGE NAME    
     ------------------                 ------------------------                     ----------------

           IN:                                      IN:
           ---                                      ---
              STO-SS =      153465.9838                STO-SS =         525.1697     STORAGE                          
              STO-SY =     5920929.9957                STO-SY =       25127.0002     STORAGE                          
                 WEL =           0.0000                   WEL =           0.0000     WEL_0                            
                 RIV =       95506.9336                   RIV =         265.4368     RIV_0                            
                RCHA =     6937975.6082                  RCHA =           0.0000     RCHA_0                           
                EVTA =           0.0000                  EVTA =           0.0000     EVTA_0                           
                 CHD =     3410486.0764                   CHD =        9476.2957     CHD_0                            

            TOTAL IN =    16518364.5976              TOTAL IN =       35393.9024

          OUT:                                     OUT:
          ----                                     ----
              STO-SS =       99956.4972                STO-SS =           0.5545     STORAGE                          
              STO-SY =     3587162.2559                STO-SY =          47.8996     STORAGE                          
                 WEL =     4426881.9371                   WEL =       14860.4686     WEL_0                            
                 RIV =     4006321.3908                   RIV =       10521.5863     RIV_0                            
                RCHA =           0.0000                  RCHA =           0.0000     RCHA_0                           
                EVTA =     4283908.6918                  EVTA =        9666.8281     EVTA_0                           
                 CHD =      114133.8472                   CHD =         296.5647     CHD_0                            

           TOTAL OUT =    16518364.6202             TOTAL OUT =       35393.9018

            IN - OUT =      -2.2531E-02              IN - OUT =       6.0804E-04

 PERCENT DISCREPANCY =          -0.00     PERCENT DISCREPANCY =           0.00




         TIME SUMMARY AT END OF TIME STEP    6 IN STRESS PERIOD   12
                    SECONDS     MINUTES      HOURS       DAYS        YEARS
                    -----------------------------------------------------------
   TIME STEP LENGTH 7.79609E+05  12993.      216.56      9.0232     2.47043E-02
 STRESS PERIOD TIME 2.67840E+06  44640.      744.00      31.000     8.48734E-02
         TOTAL TIME 3.15360E+07 5.25600E+05  8760.0      365.00     0.99932    


end timestep

